urut_nasional,urut_provinsi,rerata,npsn,sekolah,provinsi,kota_kab,jenis
1,1,"601,683",20109933,SMAN UNGGULAN M.H. THAMRIN More..,DKI Jakarta,Kota Jakarta Timur,SMA
2,1,"599,654",20623314,MAN INSAN CENDEKIA SERPONG More..,Banten,Kota Tangerang Selatan,MA 
3,1,"598,523",10263538,SMAS UNGGUL DEL More..,Sumatera Utara,Kab. Toba Samosir,SMA
4,2,"594,865",20102568,SMAN 8 JAKARTA More..,DKI Jakarta,Kota Jakarta Selatan,SMA
5,1,"594,605",20532248,SMAN 5 SURABAYA More..,Jawa Timur,Kota Surabaya,SMA
6,3,"594,437",20101306,SMAS 1 KRISTEN BPK PENABUR More..,DKI Jakarta,Kota Jakarta Barat,SMA
7,1,"592,52",20219730,SMAS BPK 1 PENABUR BANDUNG More..,Jawa Barat,Kota Bandung,SMA
8,4,"589,811",20104413,SMAS DIAN HARAPAN More..,DKI Jakarta,Kota Jakarta Barat,SMA
9,1,"588,002",20403174,SMAN 1 YOGYAKARTA More..,DI Yogyakarta,Kota Yogyakarta,SMA
10,2,"587,81",20532145,SMA KATOLIK ST.LOUIS 1 More..,Jawa Timur,Kota Surabaya,SMA
11,1,"586,834",30315142,SMAN BANUA KAL SEL More..,Kalimantan Selatan,Kab. Banjar,SMA
12,2,"585,96",20403178,SMAN 3 YOGYAKARTA More..,DI Yogyakarta,Kota Yogyakarta,SMA
13,5,"585,437",20107319,SMAN 28 JAKARTA More..,DKI Jakarta,Kota Jakarta Selatan,SMA
14,6,"585,048",20103301,SMAN 81 JAKARTA More..,DKI Jakarta,Kota Jakarta Timur,SMA
15,3,"584,729",20532136,SMAS KRISTEN PETRA 2 SURABAYA More..,Jawa Timur,Kota Surabaya,SMA
16,7,"584,684",20100170,SMAS KANISIUS JAKARTA More..,DKI Jakarta,Kota Jakarta Pusat,SMA
17,2,"584,01",20613520,SMAS SANTA LAURENSIA More..,Banten,Kota Tangerang Selatan,SMA
18,3,"583,676",20403161,SMAN 8 YOGYAKARTA More..,DI Yogyakarta,Kota Yogyakarta,SMA
19,2,"582,568",20219731,SMAS BINA BHAKTI 1 More..,Jawa Barat,Kota Bandung,SMA
20,8,"582,07",20110335,SMAS KRISTEN 6 PENABUR More..,DKI Jakarta,Kota Jakarta Utara,SMA
21,9,"581,589",20100187,SMAS KRISTEN 3 PENABUR JAKARTA More..,DKI Jakarta,Kota Jakarta Pusat,SMA
22,10,"581,585",20100601,SMAS KRISTEN 5 BPK PENABUR More..,DKI Jakarta,Kota Jakarta Utara,SMA
23,3,"581,123",20219263,SMAS ALLOYSIUS 1 More..,Jawa Barat,Kota Bandung,SMA
24,3,"580,709",20603357,SMAS KRISTEN BPK PENABUR GADING SERPONG More..,Banten,Kab. Tangerang,SMA
25,11,"580,44",20108383,SMAS SANTA URSULA More..,DKI Jakarta,Kota Jakarta Pusat,SMA
26,12,"580,165",20109467,SMAS KRISTEN IPEKA PURI INDAH More..,DKI Jakarta,Kota Jakarta Barat,SMA
27,4,"579,837",20603376,SMAS SANTA URSULA BSD More..,Banten,Kota Tangerang Selatan,SMA
28,13,579,20107313,SMA LABSCHOOL KEBAYORAN More..,DKI Jakarta,Kota Jakarta Selatan,SMA
29,14,"577,815",20102214,SMAN 34 JAKARTA More..,DKI Jakarta,Kota Jakarta Selatan,SMA
30,5,"577,767",20616061,SMAS PAHOA More..,Banten,Kab. Tangerang,SMA
31,4,"577,078",20403177,SMAN 2 YOGYAKARTA More..,DI Yogyakarta,Kota Yogyakarta,SMA
32,6,"576,357",20616291,SMAS ATHALIA More..,Banten,Kota Tangerang Selatan,SMA
33,1,"576,114",20328915,SMAS KOLESE LOYOLA More..,Jawa Tengah,Kota Semarang,SMA
34,2,"575,833",20328895,SMA NEGERI 03 More..,Jawa Tengah,Kota Semarang,SMA
35,3,"575,671",20327966,SMAN 1 SURAKARTA More..,Jawa Tengah,Kota Surakarta,SMA
36,1,"575,538",60728785,MAN Insan Cendekia Gorontalo More..,Gorontalo,Kab. Bone Bolango,MA 
37,4,"575,228",69895400,SMA BPK PENABUR HOLIS More..,Jawa Barat,Kota Bandung ,SMA
38,7,"575,117",69787002,SMAK PENABUR KOTA TANGERANG More..,Banten,Kota Tangerang,SMA
39,5,"574,94",20220342,SMAN 1 BOGOR More..,Jawa Barat,Kota Bogor,SMA
40,4,"574,806",20533665,SMAN 3 More..,Jawa Timur,Kota Malang,SMA
41,5,"574,582",20403171,SMAN 6 YOGYAKARTA More..,DI Yogyakarta,Kota Yogyakarta,SMA
42,5,"574,527",20533654,SMAS K KOLESE ST YUSUP More..,Jawa Timur,Kota Malang,SMA
43,15,"574,511",20101622,SMAN 2 JAKARTA More..,DKI Jakarta,Kota Jakarta Barat,SMA
44,16,"573,89",20100199,SMAN 68 JAKARTA More..,DKI Jakarta,Kota Jakarta Pusat,SMA
45,4,"573,763",69941723,MAN INSAN CENDEKIA PEKALONGAN More..,Jawa Tengah,Kab. Pekalongan,MA 
46,17,"572,779",20101588,SMAN 78 JAKARTA More..,DKI Jakarta,Kota Jakarta Barat,SMA
47,6,"572,747",20400405,SMA NEGERI 1 BANTUL More..,DI Yogyakarta,Kab. Bantul,SMA
48,18,"572,583",20107383,SMAS KRISTEN IPEKA SUNTER More..,DKI Jakarta,Kota Jakarta Utara,SMA
49,6,"572,43",20219327,SMAN 3 BANDUNG More..,Jawa Barat,Kota Bandung,SMA
50,19,"572,404",20101305,SMAS 4 KRISTEN PENABUR More..,DKI Jakarta,Kota Jakarta Barat,SMA
51,7,"572,032",20403162,SMAN 9 YOGYAKARTA More..,DI Yogyakarta,Kota Yogyakarta,SMA
52,6,"571,169",20532230,SMAN 2 SURABAYA More..,Jawa Timur,Kota Surabaya,SMA
53,7,"571,101",20219266,SMAS ST ANGELA More..,Jawa Barat,Kota Bandung,SMA
54,20,"571,055",20103307,SMAN 61 JAKARTA More..,DKI Jakarta,Kota Jakarta Timur,SMA
55,21,"570,644",20103314,SMAN 48 JAKARTA More..,DKI Jakarta,Kota Jakarta Timur,SMA
56,2,"570,339",10210848,SMAS SUTOMO 1 More..,Sumatera Utara,Kota Medan,SMA
57,8,"569,568",20253810,SMAS DON BOSCO III More..,Jawa Barat,Kab. Bekasi,SMA
58,7,"569,392",20533660,SMAN 1 More..,Jawa Timur,Kota Malang,SMA
59,1,"569,272",11002581,SMAS MAITREYAWIRA More..,Kepulauan Riau,Kota Batam,SMA
60,22,"569,183",20107299,SMAS GONZAGA JAKARTA More..,DKI Jakarta,Kota Jakarta Selatan,SMA
61,8,"569,116",20580050,MAN 2 KOTA MALANG More..,Jawa Timur,Kota Malang,MA 
62,9,"568,997",20523844,SMAN 1 JEMBER More..,Jawa Timur,Kab. Jember,SMA
63,8,"568,948",20606507,SMAS UPH COLEGE More..,Banten,Kab. Tangerang,SMA
64,8,"568,833",20403180,SMAN 5 YOGYAKARTA More..,DI Yogyakarta,Kota Yogyakarta,SMA
65,23,"568,783",20100603,SMAS KRISTEN YUSUF More..,DKI Jakarta,Kota Jakarta Utara,SMA
66,9,"568,477",20219728,SMAS BPK 2 PENABUR More..,Jawa Barat,Kota Bandung,SMA
67,9,"568,445",20606853,SMAN 1 TANGERANG More..,Banten,Kota Tangerang,SMA
68,24,"568,185",20104424,SMAS KRISTEN IPEKA TOMANG More..,DKI Jakarta,Kota Jakarta Barat,SMA
69,10,"568,181",20501706,SMAN 1 SIDOARJO More..,Jawa Timur,Kab. Sidoarjo,SMA
70,25,"568,055",20102218,SMAN 26 JAKARTA More..,DKI Jakarta,Kota Jakarta Selatan,SMA
71,10,"567,88",20223020,SMAN 1 BEKASI More..,Jawa Barat,Kota Bekasi,SMA
72,10,"567,455",20614920,SMA BINA NUSANTARA SERPONG More..,Banten,Kota Tangerang Selatan,SMA
73,1,"567,442",10303611,SMAN 1 PADANG PANJANG More..,Sumatera Barat,Kota Padang Panjang,SMA
74,1,"567,388",60724799,SMAS DARMA YUDHA More..,Riau,Kota Pekanbaru,SMA
75,5,"567,344",20306202,SMAN 1 PURWOREJO More..,Jawa Tengah,Kab. Purworejo,SMA
76,2,"567,324",10310903,SMAN 1 SUMATERA BARAT More..,Sumatera Barat,Kota Padang Panjang,SMA
77,6,"567,303",20309676,SMAN 1 KLATEN More..,Jawa Tengah,Kab. Klaten,SMA
78,26,"566,849",20107304,SMAS ISLAM AL-AZHAR 1 JAKARTA More..,DKI Jakarta,Kota Jakarta Selatan,SMA
79,27,"566,385",20103228,SMAS KRISTEN 7 BPK PENABUR JAKARTA More..,DKI Jakarta,Kota Jakarta Timur,SMA
80,11,"566,208",20223819,SMAN 1 KOTA DEPOK More..,Jawa Barat,Kota Depok,SMA
81,7,"565,842",20305010,SMAN 1 KEBUMEN More..,Jawa Tengah,Kab. Kebumen,SMA
82,11,"565,837",20500479,SMAN 1 GRESIK More..,Jawa Timur,Kab. Gresik,SMA
83,12,"565,803",69873999,SMA KRISTEN PENABUR KOTA WISATA More..,Jawa Barat,Kab. Bogor,SMA
84,13,"565,798",20219279,SMAS TRINITAS BANDUNG More..,Jawa Barat,Kota Bandung,SMA
85,8,"565,676",20327563,SMAN 1 MAGELANG More..,Jawa Tengah,Kota Magelang,SMA
86,12,"565,585",20532135,SMAS KRISTEN PETRA 1 More..,Jawa Timur,Kota Surabaya,SMA
87,28,"565,317",20103284,SMAN 14 JAKARTA More..,DKI Jakarta,Kota Jakarta Timur,SMA
88,29,"565,228",20100799,SMAS SANTO YAKOBUS JAKARTA More..,DKI Jakarta,Kota Jakarta Utara,SMA
89,30,"564,86",20101589,SMAN 65 JAKARTA More..,DKI Jakarta,Kota Jakarta Barat,SMA
90,14,"564,821",20220343,SMAS REGINA PACIS More..,Jawa Barat,Kota Bogor,SMA
91,31,"564,735",20102193,SMAN 47 JAKARTA More..,DKI Jakarta,Kota Jakarta Selatan,SMA
92,9,"564,457",20402126,SMAN 1 WONOSARI More..,DI Yogyakarta,Kab. Gunung Kidul,SMA
93,9,"564,32",20328867,SMA NEGERI 01 More..,Jawa Tengah,Kota Semarang,SMA
94,10,"563,852",20328447,SMAN 1 SALATIGA More..,Jawa Tengah,Kota Salatiga,SMA
95,15,"563,837",20252198,SMA TALENTA More..,Jawa Barat,Kab. Bandung,SMA
96,13,"563,729",20532237,SMAN 15 SURABAYA More..,Jawa Timur,Kota Surabaya,SMA
97,32,"563,109",20103283,SMAN 21 JAKARTA More..,DKI Jakarta,Kota Jakarta Timur,SMA
98,33,"563,087",20102570,SMAN 70 JAKARTA More..,DKI Jakarta,Kota Jakarta Selatan,SMA
99,11,"563,002",20613524,SMAS TARAKANITA GADING SERPONG More..,Banten,Kab. Tangerang,SMA
100,11,"562,953",20321438,SMA NEGERI 1 TEMANGGUNG More..,Jawa Tengah,Kab. Temanggung,SMA
101,14,"562,854",20504500,SMAN 1 BOJONEGORO More..,Jawa Timur,Kab. Bojonegoro,SMA
102,12,"562,809",20308449,SMAN 1 BOYOLALI More..,Jawa Tengah,Kab. Boyolali,SMA
103,10,"562,761",20400381,SMA NEGERI 2 BANTUL More..,DI Yogyakarta,Kab. Bantul,SMA
104,13,"562,506",20327968,SMAN 3 SURAKARTA More..,Jawa Tengah,Kota Surakarta,SMA
105,16,"562,431",20220332,SMAN 3 BOGOR More..,Jawa Barat,Kota Bogor,SMA
106,34,"562,359",20112503,SMAS K CALVIN More..,DKI Jakarta,Kota Jakarta Pusat,SMA
107,11,"562,218",20401145,SMAN 1 KALASAN More..,DI Yogyakarta,Kab. Sleman,SMA
108,3,"562,217",10259371,SMAS METHODIST 3 MEDAN More..,Sumatera Utara,Kota Medan,SMA
109,15,"562,183",20534124,SMAN 2 MADIUN More..,Jawa Timur,Kota Madiun,SMA
110,14,"561,635",20307712,SMAN 1 MUNTILAN More..,Jawa Tengah,Kab. Magelang,SMA
111,12,"561,133",20607805,SMAN CMBBS More..,Banten,Kab. Pandeglang,SMA
112,17,"560,911",69986554,SMA KRISTEN PENABUR KOTA JABABEKA More..,Jawa Barat,Kab. Bekasi,SMA
113,35,"560,881",20101332,SMAS BUNDA HATI KUDUS More..,DKI Jakarta,Kota Jakarta Barat,SMA
114,36,"560,701",20100806,SMAN 13 JAKARTA More..,DKI Jakarta,Kota Jakarta Utara,SMA
115,13,"560,653",20613477,SMAN 2 KOTA TANGERANG SELATAN More..,Banten,Kota Tangerang Selatan,SMA
116,1,"560,577",10100170,SMA NEGERI MODAL BANGSA More..,Aceh,Kab. Aceh Besar,SMA
117,18,"560,563",20247147,SMAS PESANTREN UNGGUL AL BAYAN More..,Jawa Barat,Kab. Sukabumi,SMA
118,15,"560,374",20329517,SMA Negeri 1 Pekalongan More..,Jawa Tengah,Kota Pekalongan,SMA
119,14,"560,336",20615025,SMAS PENABUR BINTARO More..,Banten,Kota Tangerang Selatan,SMA
120,16,"560,084",20307644,SMAS PANGUDI LUHUR VAN LITH More..,Jawa Tengah,Kab. Magelang,SMA
121,16,"559,81",20532131,SMAS KATOLIK FRATERAN More..,Jawa Timur,Kota Surabaya,SMA
122,37,"559,761",20103296,SMAN 39 JAKARTA More..,DKI Jakarta,Kota Jakarta Timur,SMA
123,19,"559,515",20222370,SMA KRISTEN PENABUR CIREBON More..,Jawa Barat,Kota Cirebon,SMA
124,12,"559,444",20403170,SMAN 7 YOGYAKARTA More..,DI Yogyakarta,Kota Yogyakarta,SMA
125,13,"558,943",20403176,SMAN 11 YOGYAKARTA More..,DI Yogyakarta,Kota Yogyakarta,SMA
126,17,"558,789",20532260,SMAN 6 SURABAYA More..,Jawa Timur,Kota Surabaya,SMA
127,18,"558,709",20532236,SMAN 16 SURABAYA More..,Jawa Timur,Kota Surabaya,SMA
128,17,"558,677",20310417,SMAN 1 SUKOHARJO More..,Jawa Tengah,Kab. Sukoharjo,SMA
129,20,"558,553",20219326,SMAN 8 BANDUNG More..,Jawa Barat,Kota Bandung,SMA
130,38,"558,552",20102592,SMAN 49 JAKARTA More..,DKI Jakarta,Kota Jakarta Selatan,SMA
131,21,"558,512",20253599,SMAS PENABUR More..,Jawa Barat,Kota Bekasi,SMA
132,2,"558,172",10404453,SMAN PLUS PROP RIAU More..,Riau,Kota Pekanbaru,SMA
133,19,"558,029",20505009,SMAN 1 TUBAN More..,Jawa Timur,Kab. Tuban,SMA
134,20,"557,979",20503414,SMA NEGERI 2 JOMBANG More..,Jawa Timur,Kab. Jombang,SMA
135,14,"557,896",20402794,SMA NEGERI 1 WATES More..,DI Yogyakarta,Kab. Kulon Progo,SMA
136,18,"557,888",20328896,SMA NEGERI 02 More..,Jawa Tengah,Kota Semarang,SMA
137,3,"557,793",10303461,SMAN 1 PADANG More..,Sumatera Barat,Kota Padang,SMA
138,22,"557,758",20219262,SMAS ALLOYSIUS 2 More..,Jawa Barat,Kota Bandung,SMA
139,3,"557,581",69787182,SMAS Mutiara Harapan More..,Riau,Kab. Pelalawan,SMA
140,39,"557,32",20103223,SMAS LABSCHOOL JAKARTA More..,DKI Jakarta,Kota Jakarta Timur,SMA
141,4,"557,145",10303462,SMAN 10 PADANG More..,Sumatera Barat,Kota Padang,SMA
142,19,"557,128",20327969,SMAN 4 SURAKARTA More..,Jawa Tengah,Kota Surakarta,SMA
143,20,"557,049",20339021,SMA NEGERI 1 PATI More..,Jawa Tengah,Kab. Pati,SMA
144,15,"557,005",20603377,SMAS STELLA MARIS BSD More..,Banten,Kota Tangerang Selatan,SMA
145,40,"556,92",20102212,SMAN 38 JAKARTA More..,DKI Jakarta,Kota Jakarta Selatan,SMA
146,21,"556,838",20328916,SMA KARANGTURI More..,Jawa Tengah,Kota Semarang,SMA
147,21,"556,822",20532242,SMAN 1 SURABAYA More..,Jawa Timur,Kota Surabaya,SMA
148,22,"556,666",69883214,SMA PLUS AR RAHMAT More..,Jawa Timur,Kab. Bojonegoro,SMA
149,1,"556,378",50103124,SMAN 4 DENPASAR More..,Bali,Kota Denpasar,SMA
150,15,"556,286",20401146,SMAN 1 GODEAN More..,DI Yogyakarta,Kab. Sleman,SMA
151,2,"556,109",11002204,SMAS KATOLIK YOS SUDARSO More..,Kepulauan Riau,Kota Batam,SMA
152,41,"556,016",20103256,SMAN 99 JAKARTA More..,DKI Jakarta,Kota Jakarta Timur,SMA
153,22,"555,946",20302165,SMAN 2 PURWOKERTO More..,Jawa Tengah,Kab. Banyumas,SMA
154,23,"555,646",20317494,SMAN 1 KUDUS More..,Jawa Tengah,Kab. Kudus,SMA
155,42,"555,493",20103285,SMAN 12 JAKARTA More..,DKI Jakarta,Kota Jakarta Timur,SMA
156,5,"555,457",69983368,MAN INSAN CENDEKIA PADANG PARIAMAN More..,Sumatera Barat,Kab. Padang Pariaman ,MA 
157,23,"555,312",20534388,SMAN 2 KEDIRI More..,Jawa Timur,Kota Kediri,SMA
158,43,"555,254",20100201,SMAN 77 JAKARTA More..,DKI Jakarta,Kota Jakarta Pusat,SMA
159,44,"555,181",20100198,SMAS SANTA THERESIA JAKARTA More..,DKI Jakarta,Kota Jakarta Pusat,SMA
160,4,"555,143",10208520,SMAN 2 BALIGE More..,Sumatera Utara,Kab. Toba Samosir,SMA
161,1,"555,068",69941607,MAN Insan Cendekia Oki More..,Sumatera Selatan,Kab. Ogan Komering Ilir,MA 
162,16,"554,776",20401161,SMAN 1 DEPOK More..,DI Yogyakarta,Kab. Sleman,SMA
163,45,"554,768",20103303,SMAN 71 JAKARTA More..,DKI Jakarta,Kota Jakarta Timur,SMA
164,24,"554,585",20328893,SMA NEGERI 05 More..,Jawa Tengah,Kota Semarang,SMA
165,25,"554,285",20302182,SMAN 1 PURWOKERTO More..,Jawa Tengah,Kab. Banyumas,SMA
166,23,"554,109",20238524,SMK-SMAK BOGOR More..,Jawa Barat,Kota Bogor,SMK
167,5,"554,105",10210836,SMAS SUTOMO 2 More..,Sumatera Utara,Kota Medan,SMA
168,24,"554,072",69870886,SMA KRISTEN PENABUR SUMMARECON BEKASI More..,Jawa Barat,Kota Bekasi,SMA
169,25,"553,99",20223818,SMAN 2 KOTA DEPOK More..,Jawa Barat,Kota Depok,SMA
170,26,"553,839",20312200,SMAN 1 KARANGANYAR More..,Jawa Tengah,Kab. Karanganyar,SMA
171,24,"553,764",20533667,SMAN 4 More..,Jawa Timur,Kota Malang,SMA
172,26,"553,668",20219254,SMAN 2 BANDUNG More..,Jawa Barat,Kota Bandung,SMA
173,1,"553,465",30105210,SMAN 1 PONTIANAK More..,Kalimantan Barat,Kota Pontianak,SMA
174,27,"553,371",20328894,SMA NEGERI 04 More..,Jawa Tengah,Kota Semarang,SMA
175,6,"553,367",10211691,SMAS BUDI MULIA More..,Sumatera Utara,Kota Pematangsiantar,SMA
176,27,"553,304",20223044,SMAN 5 BEKASI More..,Jawa Barat,Kota Bekasi,SMA
177,1,"553,297",30401491,SMAN 1 BALIKPAPAN  More..,Kalimantan Timur,Kota Balikpapan,SMA
178,25,"552,955",20520820,SMAN 2 LUMAJANG More..,Jawa Timur,Kab. Lumajang,SMA
179,28,"552,257",20200691,SMAN 2 CIBINONG More..,Jawa Barat,Kab. Bogor,SMA
180,28,"552,206",20306171,SMAN 7 PURWOREJO More..,Jawa Tengah,Kab. Purworejo,SMA
181,29,"551,761",20325299,SMAN 1 SLAWI More..,Jawa Tengah,Kab. Tegal,SMA
182,30,"551,662",69760753,SMAS IT IBNU ABBAS More..,Jawa Tengah,Kab. Klaten,SMA
183,2,"551,45",10504594,SMAS XAVERIUS 1 More..,Jambi,Kota Jambi,SMA
184,29,"551,448",20279931,SMAS AL-IRSYAD SATYA  More..,Jawa Barat,Kab. Bandung Barat,SMA
185,17,"551,402",20401124,SMAN 1 SLEMAN More..,DI Yogyakarta,Kab. Sleman,SMA
186,18,"551,378",20403179,SMAN 4 YOGYAKARTA More..,DI Yogyakarta,Kota Yogyakarta,SMA
187,31,"551,338",20303249,SMAN 1 PURBALINGGA More..,Jawa Tengah,Kab. Purbalingga,SMA
188,32,"551,298",20320242,SMA NEGERI 1 UNGARAN More..,Jawa Tengah,Kab. Semarang,SMA
189,26,"551,117",20535050,SMAN 1 BLITAR More..,Jawa Timur,Kota Blitar,SMA
190,33,"550,982",20306807,SMA NEGERI 1 WONOSOBO More..,Jawa Tengah,Kab. Wonosobo,SMA
191,19,"550,978",20403175,SMAN 10 YOGYAKARTA More..,DI Yogyakarta,Kota Yogyakarta,SMA
192,2,"550,977",50100337,SMAN 1 SINGARAJA More..,Bali,Kab. Buleleng,SMA
193,20,"550,933",20401156,SMAS KOLESE DE BRITTO DEPOK More..,DI Yogyakarta,Kab. Sleman,SMA
194,46,"550,735",20104432,SMAS KATOLIK SANG TIMUR More..,DKI Jakarta,Kota Jakarta Barat,SMA
195,27,"550,718",20511965,SMAN 2 PARE More..,Jawa Timur,Kab. Kediri,SMA
196,30,"550,714",20219248,SMAN 24 BANDUNG More..,Jawa Barat,Kota Bandung,SMA
197,47,"550,624",20101626,SMAN 112 JAKARTA More..,DKI Jakarta,Kota Jakarta Barat,SMA
198,2,"550,562",69856916,SMA IGNATIUS GLOBAL SCHOOL (IGS) PALEMBANG More..,Sumatera Selatan,Kota Palembang,SMA
199,31,"550,431",20219309,SMAN 5 BANDUNG More..,Jawa Barat,Kota Bandung,SMA
200,32,"550,232",20219269,SMAS TARUNA BAKTI More..,Jawa Barat,Kota Bandung,SMA
201,34,"549,946",69859366,SMKN JATENG DI SEMARANG More..,Jawa Tengah,Kota Semarang,SMK
202,6,"549,634",10304887,SMA NEGERI AGAM CENDEKIA More..,Sumatera Barat,Kab. Agam,SMA
203,3,"549,499",10507942,MAN INSAN CENDEKIA JAMBI More..,Jambi,Kab. Muaro Jambi,MA 
204,28,"549,435",20533635,SMAS KATOLIK ST ALBERTUS More..,Jawa Timur,Kota Malang,SMA
205,4,"549,407",10404019,SMA NEGERI 8 PEKANBARU More..,Riau,Kota Pekanbaru,SMA
206,3,"549,272",10648016,SMAN SUMATERA SELATAN More..,Sumatera Selatan,Kota Palembang,SMA
207,4,"549,163",10609704,SMA XAVERIUS 01 PALEMBANG More..,Sumatera Selatan,Kota Palembang,SMA
208,7,"549,02",10307523,SMAN 1 BUKITTINGGI More..,Sumatera Barat,Kota Bukittinggi,SMA
209,35,"548,896",20300617,SMA NEGERI 1 CILACAP More..,Jawa Tengah,Kab. Cilacap,SMA
210,21,"548,874",20409906,SMA KESATUAN BANGSA More..,DI Yogyakarta,Kab. Bantul,SMA
211,33,"548,865",20277085,MAS ZAKARIA More..,Jawa Barat,Kota Bandung,MA 
212,22,"548,767",20403375,MAN 1 YOGYAKARTA More..,DI Yogyakarta,Kota Yogyakarta,MA 
213,29,"548,767",69727602,SMAS AL-IZZAH BATU More..,Jawa Timur,Kota Batu,SMA
214,34,"548,662",20229157,SMAS ISLAM TERPADU NURUL FIKRI More..,Jawa Barat,Kota Depok,SMA
215,35,"548,41",20219791,SMAS YAHYA More..,Jawa Barat,Kota Bandung,SMA
216,48,"548,344",20101620,SMAN 33 JAKARTA More..,DKI Jakarta,Kota Jakarta Barat,SMA
217,36,"548,306",20329847,SMAN 1 TEGAL More..,Jawa Tengah,Kota Tegal,SMA
218,36,"548,295",20224139,SMA NEGERI 2 CIMAHI More..,Jawa Barat,Kota Cimahi,SMA
219,37,"548,226",20311334,SMAN 1 WONOGIRI More..,Jawa Tengah,Kab. Wonogiri,SMA
220,49,"548,186",20107249,SMAS BUDI MULIA JAKARTA More..,DKI Jakarta,Kota Jakarta Pusat,SMA
221,23,"548,058",20401127,SMAN 1 PAKEM More..,DI Yogyakarta,Kab. Sleman,SMA
222,37,"547,96",20218351,SMAN 1 TAMBUN SELATAN More..,Jawa Barat,Kab. Bekasi,SMA
223,50,"547,554",20103203,SMAS DON BOSCO 2 JAKARTA More..,DKI Jakarta,Kota Jakarta Timur,SMA
224,38,"547,523",20309689,SMAN 2 KLATEN More..,Jawa Tengah,Kab. Klaten,SMA
225,39,"547,414",20307641,SMAS TARUNA NUSANTARA More..,Jawa Tengah,Kab. Magelang,SMA
226,51,"547,314",20103278,SMAN 91 JAKARTA More..,DKI Jakarta,Kota Jakarta Timur,SMA
227,30,"547,075",20533653,SMAN 5 More..,Jawa Timur,Kota Malang,SMA
228,7,"546,966",69762788,SMAN 3 TARUTUNG More..,Sumatera Utara,Kab. Tapanuli Utara,SMA
229,40,"546,897",20330281,SMAN 1 GOMBONG More..,Jawa Tengah,Kab. Kebumen,SMA
230,31,"546,836",20525854,SMAN 1 GENTENG More..,Jawa Timur,Kab. Banyuwangi,SMA
231,41,"546,835",20354028,SMAN 1 SRAGEN More..,Jawa Tengah,Kab. Sragen,SMA
232,52,"546,783",20103292,SMAN 103 JAKARTA More..,DKI Jakarta,Kota Jakarta Timur,SMA
233,2,"546,756",30105064,SMAS KRISTEN IMMANUEL More..,Kalimantan Barat,Kota Pontianak,SMA
234,42,"546,723",20328925,SMA KRISTEN YSKI More..,Jawa Tengah,Kota Semarang,SMA
235,38,"546,709",20229172,SMAS PRIBADI BEJI More..,Jawa Barat,Kota Depok,SMA
236,53,"546,622",20102563,SMAN 90 JAKARTA More..,DKI Jakarta,Kota Jakarta Selatan,SMA
237,3,"546,608",11002197,SMAN 3 BATAM More..,Kepulauan Riau,Kota Batam,SMA
238,39,"546,12",20219312,SMAN 4 BANDUNG More..,Jawa Barat,Kota Bandung,SMA
239,4,"545,937",10506129,SMAS BINA KASIH More..,Jambi,Kota Jambi,SMA
240,16,"545,907",20607991,SMA ISLAM NURUL FIKRI More..,Banten,Kab. Serang,SMA
241,17,"545,664",20616138,SMAS TARAKANITA CITRA RAYA More..,Banten,Kab. Tangerang,SMA
242,43,"545,567",20363082,MAN 2 KUDUS More..,Jawa Tengah,Kab. Kudus,MA 
243,40,"545,552",20238517,SMAN 5 BOGOR More..,Jawa Barat,Kota Bogor,SMA
244,54,"545,484",20103304,SMAN 67 JAKARTA More..,DKI Jakarta,Kota Jakarta Timur,SMA
245,5,"545,464",10502884,SMAN TITIAN TERAS More..,Jambi,Kab. Muaro Jambi,SMA
246,41,"545,398",20253836,SMAS PRIBADI More..,Jawa Barat,Kota Bandung,SMA
247,55,"545,383",20107277,SMAS AL IZHAR JAKARTA More..,DKI Jakarta,Kota Jakarta Selatan,SMA
248,44,"545,211",20321439,SMA NEGERI 2 TEMANGGUNG More..,Jawa Tengah,Kab. Temanggung,SMA
249,32,"545,165",20515430,SMAN 1 KEDUNGWARU More..,Jawa Timur,Kab. Tulungagung,SMA
250,56,"544,969",20102231,SMAK TIRTAMARTA - BPK PENABUR More..,DKI Jakarta,Kota Jakarta Selatan,SMA
251,18,"544,85",20614004,SMAS MENTARI INTERCULTURAL SCHOOL BINTARO More..,Banten,Kota Tangerang Selatan,SMA
252,33,"544,848",20538326,SMAN 2 NGANJUK More..,Jawa Timur,Kab. Nganjuk,SMA
253,45,"544,841",20303987,SMAN 1 BANJARNEGARA More..,Jawa Tengah,Kab. Banjarnegara,SMA
254,46,"544,752",20309680,SMAN 1 KARANGANOM More..,Jawa Tengah,Kab. Klaten,SMA
255,3,"544,621",50103149,SMAS TAMAN RAMA More..,Bali,Kota Denpasar,SMA
256,19,"544,551",20615183,SMAS KHARISMA BANGSA More..,Banten,Kota Tangerang Selatan,SMA
257,8,"544,52",10263742,MAS PERGURUAN ISLAM AR RISALAH More..,Sumatera Barat,Kota Padang,MA 
258,42,"544,478",20222365,SMAN 2 CIREBON More..,Jawa Barat,Kota Cirebon,SMA
259,43,"544,441",20223045,SMAN 4 BEKASI More..,Jawa Barat,Kota Bekasi,SMA
260,44,"544,425",20238516,SMAN 2 BOGOR More..,Jawa Barat,Kota Bogor,SMA
261,45,"544,079",20223817,SMAN 3 KOTA DEPOK More..,Jawa Barat,Kota Depok,SMA
262,24,"543,976",20400391,SMA NEGERI 1 JETIS More..,DI Yogyakarta,Kab. Bantul,SMA
263,57,"543,928",20103306,SMAN 62 JAKARTA More..,DKI Jakarta,Kota Jakarta Timur,SMA
264,4,"543,902",50103125,SMAN 3 DENPASAR More..,Bali,Kota Denpasar,SMA
265,5,"543,901",10609651,SMA KUSUMA BANGSA PALEMBANG More..,Sumatera Selatan,Kota Palembang,SMA
266,58,"543,884",20100216,SMAN 1 JAKARTA More..,DKI Jakarta,Kota Jakarta Pusat,SMA
267,46,"543,772",69775444,SMAS IT UMMUL QURO More..,Jawa Barat,Kota Bogor,SMA
268,9,"543,346",10307799,SMAN 3 BATU SANGKAR More..,Sumatera Barat,Kab. Tanah Datar,SMA
269,1,"543,16",40320336,SMAS ZION More..,Sulawesi Selatan,Kota Makassar,SMA
270,34,"543,087",20517739,SMAN 1 LAWANG More..,Jawa Timur,Kab. Malang,SMA
271,47,"543,052",20341554,SMAS IT NURHIDAYAH More..,Jawa Tengah,Kab. Sukoharjo,SMA
272,59,"542,846",20102575,SMAN 55 JAKARTA More..,DKI Jakarta,Kota Jakarta Selatan,SMA
273,2,"542,757",69976494,MAN INSAN CENDEKIA TANAH LAUT More..,Kalimantan Selatan,Kab. Tanah Laut ,MA 
274,35,"542,618",20517730,SMAN 1 KEPANJEN More..,Jawa Timur,Kab. Malang,SMA
275,25,"542,576",20402137,SMAN 2 WONOSARI More..,DI Yogyakarta,Kab. Gunung Kidul,SMA
276,8,"542,501",10210923,SMAS SANTO THOMAS 1 MEDAN More..,Sumatera Utara,Kota Medan,SMA
277,1,"542,493",10807063,SMAN 2 BANDAR LAMPUNG More..,Lampung,Kota Bandar Lampung,SMA
278,20,"542,32",20605093,SMAN 1 KOTA SERANG More..,Banten,Kota Serang,SMA
279,36,"542,257",20580045,MAN 2 Kota Kediri More..,Jawa Timur,Kota Kediri,MA 
280,60,"542,253",20102571,SMAN 66 JAKARTA More..,DKI Jakarta,Kota Jakarta Selatan,SMA
281,48,"542,24",20328912,SMA SEMESTA More..,Jawa Tengah,Kota Semarang,SMA
282,37,"542,211",20536288,SMAN 1 PROBOLINGGO More..,Jawa Timur,Kota Probolinggo,SMA
283,4,"542,156",69975889,MAN INSAN CENDEKIA KOTA BATAM More..,Kepulauan Riau,Kota Batam ,MA 
284,21,"542,096",20606833,SMAS STRADA ST AQUINO More..,Banten,Kota Tangerang,SMA
285,47,"542,045",20231283,SMAS BUNDA HATI KUDUS More..,Jawa Barat,Kab. Bogor,SMA
286,38,"541,971",69964214,SMA NEGERI TARUNA NALA JAWA TIMUR More..,Jawa Timur,Kota Malang ,SMA
287,39,"541,968",20535464,UPT SMA NEGERI 1 PASURUAN More..,Jawa Timur,Kota Pasuruan,SMA
288,61,"541,904",20102574,SMAN 6 JAKARTA More..,DKI Jakarta,Kota Jakarta Selatan,SMA
289,48,"541,715",20252852,SMAS AL KAHFI More..,Jawa Barat,Kab. Bogor,SMA
290,40,"541,706",20501701,SMAN 3 SIDOARJO More..,Jawa Timur,Kab. Sidoarjo,SMA
291,41,"541,698",20536817,SMAN 1 BATU More..,Jawa Timur,Kota Batu,SMA
292,62,"541,539",20103309,SMAN 58 JAKARTA More..,DKI Jakarta,Kota Jakarta Timur,SMA
293,63,"541,505",20101623,SMAN 19 JAKARTA More..,DKI Jakarta,Kota Jakarta Barat,SMA
294,26,"541,497",20402778,SMA NEGERI 2 WATES More..,DI Yogyakarta,Kab. Kulon Progo,SMA
295,5,"541,488",50102079,SMAN 1 GIANYAR More..,Bali,Kab. Gianyar,SMA
296,49,"541,479",20231312,SMAS MADANIA More..,Jawa Barat,Kab. Bogor,SMA
297,22,"541,401",20606516,SMAS MUTIARA BANGSA More..,Banten,Kota Tangerang,SMA
298,1,"541,33",50204503,SMA NEGERI 1 MATARAM More..,Nusa Tenggara Barat,Kota Mataram,SMA
299,23,"541,272",69754032,SMAS INSAN CENDEKIA MADANI More..,Banten,Kota Tangerang Selatan,SMA
300,27,"541,131",20403145,SMAS STELLA DUCE 1 More..,DI Yogyakarta,Kota Yogyakarta,SMA
301,1,"540,957",69756117,SMAS AL - AZHAR MANDIRI PALU More..,Sulawesi Tengah,Kota Palu,SMA
302,50,"540,94",20219795,SMAS KALAM KUDUS More..,Jawa Barat,Kota Bandung,SMA
303,42,"540,925",20549721,SMAS AL HIKMAH SURABAYA More..,Jawa Timur,Kota Surabaya,SMA
304,28,"540,924",20400390,SMA NEGERI 1 KASIHAN More..,DI Yogyakarta,Kab. Bantul,SMA
305,49,"540,833",20307714,SMAN 1 KOTA MUNGKID More..,Jawa Tengah,Kab. Magelang,SMA
306,43,"540,794",20532247,SMAN 4 SURABAYA More..,Jawa Timur,Kota Surabaya,SMA
307,51,"540,774",20220324,SMAS BPK PENABUR More..,Jawa Barat,Kota Bogor,SMA
308,50,"540,699",20327987,SMAS REGINA PACIS SURAKARTA More..,Jawa Tengah,Kota Surakarta,SMA
309,51,"540,498",20324216,SMAN 1 PEMALANG More..,Jawa Tengah,Kab. Pemalang,SMA
310,64,"540,417",20103298,SMAN 44 JAKARTA More..,DKI Jakarta,Kota Jakarta Timur,SMA
311,52,"540,267",69968020,SMA AL AZHAR SYIFA BUDI PARAHYANGAN More..,Jawa Barat,Kab. Bandung Barat ,SMA
312,52,"540,13",20314885,SMAN 1 BLORA More..,Jawa Tengah,Kab. Blora,SMA
313,24,"540,067",20603349,SMAS K ORA ET LABORA BSD More..,Banten,Kota Tangerang Selatan,SMA
314,53,"539,901",20276323,MAS NUURUL QUR AN More..,Jawa Barat,Kab. Bogor,MA 
315,65,"539,838",20101301,SMAS REGINA PACIS More..,DKI Jakarta,Kota Jakarta Barat,SMA
316,66,"539,798",20102219,SMAN 109 JAKARTA More..,DKI Jakarta,Kota Jakarta Selatan,SMA
317,54,"539,747",20258396,SMAS IT AS-SYIFA BOARDING SCHOOL More..,Jawa Barat,Kab. Subang,SMA
318,29,"539,742",20407427,SMK SMTI More..,DI Yogyakarta,Kota Yogyakarta,SMK
319,1,"539,706",10702412,SMAN 5 BENGKULU More..,Bengkulu,Kota Bengkulu,SMA
320,53,"539,59",20327970,SMAN 5 SURAKARTA More..,Jawa Tengah,Kota Surakarta,SMA
321,55,"539,582",20247152,SMAS INSAN CENDEKIA  AL KAUSAR More..,Jawa Barat,Kab. Sukabumi,SMA
322,44,"539,574",20510150,SMAN 1 PONOROGO More..,Jawa Timur,Kab. Ponorogo,SMA
323,45,"539,483",20542500,SMA NEGERI 1 TRENGGALEK More..,Jawa Timur,Kab. Trenggalek,SMA
324,2,"539,446",40311951,SMAN 17 MAKASSAR More..,Sulawesi Selatan,Kota Makassar,SMA
325,46,"539,435",69857710,SMA TRENSAINS TEBUIRENG More..,Jawa Timur,Kab. Jombang,SMA
326,54,"539,341",20315697,SMA NEGERI 1 REMBANG More..,Jawa Tengah,Kab. Rembang,SMA
327,56,"539,281",20223075,SMAS MARSUDIRINI More..,Jawa Barat,Kota Bekasi,SMA
328,67,"539,235",20103257,SMAN 98 JAKARTA More..,DKI Jakarta,Kota Jakarta Timur,SMA
329,47,"539,211",20532244,SMAN 11 SURABAYA More..,Jawa Timur,Kota Surabaya,SMA
330,68,"539,176",20103310,SMAN 54 JAKARTA More..,DKI Jakarta,Kota Jakarta Timur,SMA
331,5,"539,113",69941598,MAN INSAN CENDEKIA SIAK More..,Riau,Kab. Siak ,MA 
332,57,"539,047",20219253,SMAN 20 BANDUNG More..,Jawa Barat,Kota Bandung,SMA
333,25,"539,014",20603368,SMAN 3 KOTA TANGERANG SELATAN More..,Banten,Kota Tangerang Selatan,SMA
334,48,"538,967",20532263,SMAN 9 SURABAYA More..,Jawa Timur,Kota Surabaya,SMA
335,30,"538,934",20400406,SMA NEGERI 1 BANGUNTAPAN More..,DI Yogyakarta,Kab. Bantul,SMA
336,55,"538,849",20310414,SMAS KRISTEN KALAM KUDUS SUKOHARJO More..,Jawa Tengah,Kab. Sukoharjo,SMA
337,9,"538,555",10261532,SMA UNGGULAN CT FOUNDATION More..,Sumatera Utara,Kab. Deli Serdang,SMA
338,58,"538,517",20219241,SMAN 12 BANDUNG More..,Jawa Barat,Kota Bandung,SMA
339,56,"538,492",20350718,SMAS IT IHSANUL FIKRI MUNGKID More..,Jawa Tengah,Kab. Magelang,SMA
340,2,"538,46",69978966,MAN INSAN CENDEKIA LOMBOK TIMUR More..,Nusa Tenggara Barat,Kab. Lombok Timur ,MA 
341,49,"538,409",20533640,SMAN 8 More..,Jawa Timur,Kota Malang,SMA
342,57,"538,355",20327564,SMAN 3 MAGELANG More..,Jawa Tengah,Kota Magelang,SMA
343,10,"538,264",10263528,SMAS NASIONAL PLUS CINTABUDAYA / CHONG WEN More..,Sumatera Utara,Kab. Deli Serdang,SMA
344,2,"538,139",10807561,SMAN 1 METRO More..,Lampung,Kota Metro,SMA
345,69,"538,033",69955414,SMA EMIISc Jakarta More..,DKI Jakarta,Kota Jakarta Timur,SMA
346,58,"537,663",20328892,SMA NEGERI 06 More..,Jawa Tengah,Kota Semarang,SMA
347,70,"537,647",20100186,SMAS KRISTEN 2 BPK PENABUR More..,DKI Jakarta,Kota Jakarta Pusat,SMA
348,31,"537,4",20401130,SMAN 1 MLATI More..,DI Yogyakarta,Kab. Sleman,SMA
349,10,"537,371",10310795,SMAN 3 PAINAN More..,Sumatera Barat,Kab. Pesisir Selatan,SMA
350,59,"537,321",20318343,SMA NEGERI 1 JEPARA More..,Jawa Tengah,Kab. Jepara,SMA
351,3,"537,309",69765089,SMAS ISLAM ATHIRAH More..,Sulawesi Selatan,Kab. Bone,SMA
352,71,"537,216",20102216,SMAN 3 JAKARTA More..,DKI Jakarta,Kota Jakarta Selatan,SMA
353,50,"537,206",20580089,MAN 1 KOTA MALANG More..,Jawa Timur,Kota Malang,MA 
354,3,"537,117",30304597,SMAN 1 BANJARBARU More..,Kalimantan Selatan,Kota Banjarbaru,SMA
355,51,"537,087",20534389,SMAN 1 KEDIRI More..,Jawa Timur,Kota Kediri,SMA
356,52,"536,994",20527233,SMAN 1 PAMEKASAN More..,Jawa Timur,Kab. Pamekasan,SMA
357,59,"536,915",20224124,SMA SANTA MARIA 3 More..,Jawa Barat,Kota Cimahi,SMA
358,3,"536,835",30105074,SMA KATOLIK SANTU PETRUS PONTIANAK More..,Kalimantan Barat,Kota Pontianak,SMA
359,53,"536,732",20502727,SMAN 1 SOOKO More..,Jawa Timur,Kab. Mojokerto,SMA
360,6,"536,724",10496495,SMA DHARMA LOKA More..,Riau,Kota Pekanbaru,SMA
361,54,"536,713",20532087,SMAS SANTA MARIA More..,Jawa Timur,Kota Surabaya,SMA
362,60,"536,708",20305025,SMAN 2 KEBUMEN More..,Jawa Tengah,Kab. Kebumen,SMA
363,61,"536,694",69929336,SMA SCIENCE PLUS BAITUL QURAN BOARDING SCHOOL More..,Jawa Tengah,Kab. Sragen ,SMA
364,62,"536,654",20328449,SMAN 3 SALATIGA More..,Jawa Tengah,Kota Salatiga,SMA
365,63,"536,561",20331915,SMAS THERESIANA 1 More..,Jawa Tengah,Kota Semarang,SMA
366,7,"536,552",10498812,MAN 2 PEKANBARU More..,Riau,Kota Pekanbaru,MA 
367,60,"536,447",20219271,SMAN 1 BANDUNG More..,Jawa Barat,Kota Bandung,SMA
368,64,"536,326",20322744,SMA NEGERI 1 BATANG More..,Jawa Tengah,Kab. Batang,SMA
369,61,"536,185",20265518,SMAS ALFA CENTAURI More..,Jawa Barat,Kota Bandung,SMA
370,2,"536,042",10111885,SMA TEUKU NYAK ARIF FATIH BILINGUAL SCHOOL More..,Aceh,Kota Banda Aceh,SMA
371,1,"536,032",40103174,SMAS LOKON ST NIKOLAUS TOMOHON More..,Sulawesi Utara,Kota Tomohon,SMA
372,55,"535,926",69859740,SMA ISLAM SABILILLAH More..,Jawa Timur,Kota Malang,SMA
373,26,"535,922",20603342,SMAS ISLAM AL-AZHAR BSD More..,Banten,Kota Tangerang Selatan,SMA
374,27,"535,908",20606814,SMAN 8 TANGERANG More..,Banten,Kota Tangerang,SMA
375,62,"535,825",20200681,SMAN 1 CILEUNGSI More..,Jawa Barat,Kab. Bogor,SMA
376,63,"535,808",20276416,SMAS LABSCHOOL CIBUBUR More..,Jawa Barat,Kota Bekasi,SMA
377,6,"535,79",10601344,SMAN 4 LAHAT More..,Sumatera Selatan,Kab. Lahat,SMA
378,65,"535,717",20313048,SMAN 1 GEMOLONG More..,Jawa Tengah,Kab. Sragen,SMA
379,11,"535,591",69862591,SMA N 2 SUMATERA BARAT More..,Sumatera Barat,Kab. Solok,SMA
380,28,"535,591",20603371,SMAS PLUS PEMBANGUNAN JAYA More..,Banten,Kota Tangerang Selatan,SMA
381,7,"535,587",10603858,SMA NEGERI 17 PALEMBANG More..,Sumatera Selatan,Kota Palembang,SMA
382,64,"535,5",20253130,SMAS IT AL BINA More..,Jawa Barat,Kab. Bekasi,SMA
383,66,"535,488",20306176,SMAN 2 PURWOREJO More..,Jawa Tengah,Kab. Purworejo,SMA
384,56,"535,485",20511011,SMAN 1 PACITAN More..,Jawa Timur,Kab. Pacitan,SMA
385,3,"535,422",10807024,SMA S AL KAUTSAR  More..,Lampung,Kota Bandar Lampung,SMA
386,67,"535,394",20328913,SMA SEDES SAPIENTIAE More..,Jawa Tengah,Kota Semarang,SMA
387,72,"535,337",P2965978,PKBM Windsor More..,DKI Jakarta,Kota Jakarta Pusat,PKBM
388,65,"535,307",20219784,SMAS PELITA BANGSA More..,Jawa Barat,Kota Bandung,SMA
389,66,"535,258",20219265,SMAS ST MARIA 1 BANDUNG More..,Jawa Barat,Kota Bandung,SMA
390,67,"535,167",20277214,MAS HUSNUL KHOTIMAH More..,Jawa Barat,Kab. Kuningan,MA 
391,57,"535,096",20509318,SMAN 1 MAGETAN More..,Jawa Timur,Kab. Magetan,SMA
392,68,"535,072",20200885,SMAN 1 CIBINONG More..,Jawa Barat,Kab. Bogor,SMA
393,32,"535,038",20363283,MAS MUALLIMAAT MUHAMMADIYAH More..,DI Yogyakarta,Kota Yogyakarta,MA 
394,58,"534,991",20540060,SMAS KRISTEN PETRA 4 More..,Jawa Timur,Kab. Sidoarjo,SMA
395,59,"534,979",20525856,SMAN 1 GLAGAH More..,Jawa Timur,Kab. Banyuwangi,SMA
396,8,"534,939",69816324,SMA IT AL BAYYINAH More..,Riau,Kota Pekanbaru,SMA
397,68,"534,732",20320387,SMA NEGERI 1 AMBARAWA More..,Jawa Tengah,Kab. Semarang,SMA
398,69,"534,637",20330921,SMA TRENSAINS MUHAMMADIYAH SRAGEN More..,Jawa Tengah,Kab. Sragen,SMA
399,69,"534,596",20219270,SMAS KRIDA NUSANTARA More..,Jawa Barat,Kota Bandung,SMA
400,4,"534,54",10807016,SMA S XAVERIUS BANDAR LAMPUNG More..,Lampung,Kota Bandar Lampung,SMA
401,70,"534,403",20329512,SMK Negeri 2 Pekalongan More..,Jawa Tengah,Kota Pekalongan,SMK
402,70,"534,388",20220335,SMAN 6 BOGOR More..,Jawa Barat,Kota Bogor,SMA
403,33,"534,228",20401315,SMKN 2 DEPOK More..,DI Yogyakarta,Kab. Sleman,SMK
404,34,"534,106",20363284,MAS MUALLIMIN MUHAMMADIYAH More..,DI Yogyakarta,Kota Yogyakarta,MA 
405,60,"534,013",20514344,SMAN 1 TALUN More..,Jawa Timur,Kab. Blitar,SMA
406,71,"533,964",20219243,SMAN 11 BANDUNG More..,Jawa Barat,Kota Bandung,SMA
407,72,"533,911",69822684,SMAS DARUL HIKAM INTERNASIONAL More..,Jawa Barat,Kab. Bandung Barat,SMA
408,35,"533,897",20404171,SMAS IT ABU BAKAR More..,DI Yogyakarta,Kota Yogyakarta,SMA
409,61,"533,891",20501702,SMAN 2 SIDOARJO More..,Jawa Timur,Kab. Sidoarjo,SMA
410,73,"533,837",20222364,SMAN 1 CIREBON More..,Jawa Barat,Kota Cirebon,SMA
411,2,"533,812",40102411,SMA MANADO INDEPENDENT SCHOOL More..,Sulawesi Utara,Kab. Minahasa Utara,SMA
412,29,"533,797",69982590,SMA AL WILDAN ISLAMIC SCHOOL More..,Banten,Kab. Tangerang,SMA
413,2,"533,77",30401067,SMA Negeri 10 Samarinda More..,Kalimantan Timur,Kota Samarinda,SMA
414,71,"533,708",20362982,MAS TAHFIZHUL QUR`AN More..,Jawa Tengah,Kab. Karanganyar,MA 
415,72,"533,697",20308448,SMAN 3 BOYOLALI More..,Jawa Tengah,Kab. Boyolali,SMA
416,74,"533,627",20246730,SMAS GLOBAL PRESTASI More..,Jawa Barat,Kota Bekasi,SMA
417,4,"533,445",40307369,SMAS KATOLIK RAJAWALI More..,Sulawesi Selatan,Kota Makassar,SMA
418,75,"533,388",20229167,SMAN 5 KOTA DEPOK More..,Jawa Barat,Kota Depok,SMA
419,62,"533,29",20523847,SMAN 2 JEMBER More..,Jawa Timur,Kab. Jember,SMA
420,5,"533,265",11000360,SMAN 1 BATAM More..,Kepulauan Riau,Kota Batam,SMA
421,76,"533,255",20227474,SMAN 1 GARUT More..,Jawa Barat,Kab. Garut,SMA
422,36,"533,24",20411891,MAN 3 SLEMAN More..,DI Yogyakarta,Kab. Sleman,MA 
423,73,"533,233",20103281,SMAN 31 JAKARTA More..,DKI Jakarta,Kota Jakarta Timur,SMA
424,77,"533,187",20206209,SMAN 1 MARGAHAYU More..,Jawa Barat,Kab. Bandung,SMA
425,73,"532,937",20310421,SMAN 3 SUKOHARJO More..,Jawa Tengah,Kab. Sukoharjo,SMA
426,6,"532,93",50103127,SMAN 1 DENPASAR More..,Bali,Kota Denpasar,SMA
427,7,"532,92",50102779,SMAN 2 AMLAPURA More..,Bali,Kab. Karang Asem,SMA
428,78,"532,884",20253167,SMAS ISLAM AL-AZHAR 4 More..,Jawa Barat,Kota Bekasi,SMA
429,74,"532,841",20327972,SMAN 7 SURAKARTA More..,Jawa Tengah,Kota Surakarta,SMA
430,79,"532,84",20220334,SMAN 4 BOGOR More..,Jawa Barat,Kota Bogor,SMA
431,3,"532,747",30401809,SMAS YAYASAN PUPUK KALTIM BONTANG More..,Kalimantan Timur,Kota Bontang,SMA
432,75,"532,727",20309684,SMAN 1 CAWAS More..,Jawa Tengah,Kab. Klaten,SMA
433,30,"532,699",20603347,SMAS KATOLIK RICCI II More..,Banten,Kota Tangerang Selatan,SMA
434,76,"532,582",20320392,SMA SEDES SAPIENTIAE JAMBU More..,Jawa Tengah,Kab. Semarang,SMA
435,1,"532,499",60102022,SMAS KRISTEN REHOBOTH More..,Maluku,Kota Ambon,SMA
436,11,"532,4",10259956,SMAS PRIMEONE SCHOOL More..,Sumatera Utara,Kota Medan,SMA
437,37,"532,332",20409801,SMA BUDI MULIA DUA More..,DI Yogyakarta,Kab. Sleman,SMA
438,31,"532,291",20603328,SMAS KATOLIK MATER DEI More..,Banten,Kota Tangerang Selatan,SMA
439,1,"532,268",69955659,MAN INSAN CENDEKIA BANGKA TENGAH More..,Kepulauan Bangka Belitung,Kab. Bangka Tengah,MA 
440,4,"532,244",30401490,SMAN 2 BALIKPAPAN UTARA More..,Kalimantan Timur,Kota Balikpapan,SMA
441,80,"532,243",69816259,SMA IBNU HAJAR BOARDING SCHOOL More..,Jawa Barat,Kota Depok,SMA
442,81,"532,23",69986335,SMA IT AT TAUFIQ More..,Jawa Barat,Kota Bogor ,SMA
443,82,"532,216",20223033,SMAN 2 BEKASI More..,Jawa Barat,Kota Bekasi,SMA
444,63,"532,174",P9908769,PKBM KAK SETO More..,Jawa Timur,Kota Surabaya ,PKBM
445,83,"532,151",20246430,SMAS ISLAM DIAN DIDAKTIKA More..,Jawa Barat,Kota Depok,SMA
446,84,"532,001",20280604,SMAS FUTURE GATE More..,Jawa Barat,Kota Bekasi,SMA
447,2,"531,934",10901104,SMAN 1 PANGKAL PINANG More..,Kepulauan Bangka Belitung,Kota Pangkalpinang,SMA
448,8,"531,789",50101121,SMAN 1 TABANAN More..,Bali,Kab. Tabanan,SMA
449,85,"531,781",20231356,SMAS SMART EKSELENSIA INDONESIA More..,Jawa Barat,Kab. Bogor,SMA
450,77,"531,759",20321907,SMAN 1 KENDAL More..,Jawa Tengah,Kab. Kendal,SMA
451,86,"531,557",20223046,SMAN 3 BEKASI More..,Jawa Barat,Kota Bekasi,SMA
452,64,"531,548",20502726,SMAN 1 PURI More..,Jawa Timur,Kab. Mojokerto,SMA
453,3,"531,468",10900459,SMAN 1 TANJUNG PANDAN More..,Kepulauan Bangka Belitung,Kab. Belitung,SMA
454,78,"531,409",20313845,SMAN 1 PURWODADI More..,Jawa Tengah,Kab. Grobogan,SMA
455,65,"531,385",20532232,SMAN 21 SURABAYA More..,Jawa Timur,Kota Surabaya,SMA
456,3,"531,144",69952949,SMA LENTERA HARAPAN TOMOHON More..,Sulawesi Utara,Kota Tomohon ,SMA
457,79,"531,143",69949652,SMA Muhammadiyah Program Khusus Kottabarat Surakarta More..,Jawa Tengah,Kota Surakarta,SMA
458,74,"531,135",20103311,SMAN 53 JAKARTA More..,DKI Jakarta,Kota Jakarta Timur,SMA
459,12,"531,098",10210903,SMAS METHODIST 2 MEDAN More..,Sumatera Utara,Kota Medan,SMA
460,38,"531,043",20402128,SMKN 1 WONOSARI More..,DI Yogyakarta,Kab. Gunung Kidul,SMK
461,66,"531,018",20533641,SMAN 9 Malang More..,Jawa Timur,Kota Malang,SMA
462,32,"530,947",20603361,SMAN 3 KABUPATEN TANGERANG More..,Banten,Kab. Tangerang,SMA
463,87,"530,943",20216938,SMAN 1 SUBANG More..,Jawa Barat,Kab. Subang,SMA
464,67,"530,895",20523807,SMAS ST PAULUS More..,Jawa Timur,Kab. Jember,SMA
465,39,"530,788",20400371,SMA NEGERI 1 SEWON More..,DI Yogyakarta,Kab. Bantul,SMA
466,68,"530,697",20532217,SMAN 17 SURABAYA More..,Jawa Timur,Kota Surabaya,SMA
467,33,"530,628",69759180,SMA ISLAM SINAR CENDEKIA More..,Banten,Kota Tangerang Selatan,SMA
468,13,"530,58",69987117,MAN INSAN CENDEKIA TAPANULI SELATAN More..,Sumatera Utara,Kab. Tapanuli Selatan ,MA 
469,88,"530,552",20254358,SMAS GLOBAL MANDIRI More..,Jawa Barat,Kab. Bogor,SMA
470,89,"530,519",20224113,SMA NEGERI 1 CIMAHI More..,Jawa Barat,Kota Cimahi,SMA
471,80,"530,443",20302169,SMAN 5 PURWOKERTO More..,Jawa Tengah,Kab. Banyumas,SMA
472,75,"530,307",69883506,SMA GARUDA CENDEKIA More..,DKI Jakarta,Kota Jakarta Selatan,SMA
473,3,"530,282",10107194,SMAN 10 FAJAR HARAPAN BANDA ACEH More..,Aceh,Kota Banda Aceh,SMA
474,81,"530,136",20321425,SMK NEGERI 1 TEMANGGUNG More..,Jawa Tengah,Kab. Temanggung,SMK
475,76,"530,079",20103297,SMAN 42 JAKARTA More..,DKI Jakarta,Kota Jakarta Timur,SMA
476,90,"530,067",20220338,SMAN 9 BOGOR More..,Jawa Barat,Kota Bogor,SMA
477,1,"530,048",60403474,SMAS AVEROS More..,Papua Barat,Kota Sorong,SMA
478,91,"530,012",20229168,SMAN 6 KOTA DEPOK More..,Jawa Barat,Kota Depok,SMA
479,92,"530,007",69987474,SMA ISLAM TERPADU NURUL FIKRI BOARDING SCHOOL More..,Jawa Barat,Kab. Bogor,SMA
480,14,"529,984",10210873,SMAN 1 MEDAN More..,Sumatera Utara,Kota Medan,SMA
481,93,"529,869",20212956,SMA NEGERI 2 KUNINGAN More..,Jawa Barat,Kab. Kuningan,SMA
482,34,"529,755",20606848,SMAN 2 TANGERANG More..,Banten,Kota Tangerang,SMA
483,94,"529,753",20217786,SMAN 1 KARAWANG More..,Jawa Barat,Kab. Karawang,SMA
484,5,"529,721",40301037,SMAN 5 GOWA More..,Sulawesi Selatan,Kab. Gowa,SMA
485,69,"529,711",20532246,SMAN 13 SURABAYA More..,Jawa Timur,Kota Surabaya,SMA
486,82,"529,62",20323399,SMA NEGERI 1 KEDUNGWUNI More..,Jawa Tengah,Kab. Pekalongan,SMA
487,77,"529,472",20103286,SMAN 113 JAKARTA More..,DKI Jakarta,Kota Jakarta Timur,SMA
488,83,"529,431",20307713,SMAN 1 MERTOYUDAN More..,Jawa Tengah,Kab. Magelang,SMA
489,70,"529,325",20500477,SMAN 1 MANYAR More..,Jawa Timur,Kab. Gresik,SMA
490,95,"529,138",20219751,SMAS ADVENT More..,Jawa Barat,Kota Bandung,SMA
491,35,"529,132",20603359,SMAN 1 KOTA TANGERANG SELATAN More..,Banten,Kota Tangerang Selatan,SMA
492,71,"529,097",20501705,SMAN 1 TAMAN More..,Jawa Timur,Kab. Sidoarjo,SMA
493,72,"529,07",20519299,SMAN 1 PANDAAN More..,Jawa Timur,Kab. Pasuruan,SMA
494,9,"529,038",10497552,SMA IT AL ITTIHAD More..,Riau,Kota Pekanbaru,SMA
495,73,"528,992",20505008,SMAN 2 TUBAN More..,Jawa Timur,Kab. Tuban,SMA
496,84,"528,973",20302170,SMAN 1 AJIBARANG More..,Jawa Tengah,Kab. Banyumas,SMA
497,6,"528,953",40310832,SMA NEGERI 5 PAREPARE More..,Sulawesi Selatan,Kota Parepare,SMA
498,85,"528,891",20337604,SMK NEGERI 7 SEMARANG More..,Jawa Tengah,Kota Semarang,SMK
499,78,"528,841",20101586,SMAN 85 JAKARTA More..,DKI Jakarta,Kota Jakarta Barat,SMA
500,79,"528,799",20177932,MAN 4 JAKARTA More..,DKI Jakarta,Kota Jakarta Selatan,MA 
501,96,"528,788",20217357,SMAN 1 PURWAKARTA More..,Jawa Barat,Kab. Purwakarta,SMA
502,80,"528,741",20100797,SMAN 52 JAKARTA More..,DKI Jakarta,Kota Jakarta Utara,SMA
503,81,"528,615",20103219,SMAS FONS VITAE 1 JAKARTA More..,DKI Jakarta,Kota Jakarta Timur,SMA
504,82,"528,609",20102217,SMAN 29 JAKARTA More..,DKI Jakarta,Kota Jakarta Selatan,SMA
505,97,"528,577",20271471,SMA IT DARUL QUR AN More..,Jawa Barat,Kab. Bogor,SMA
506,74,"528,569",69880982,SMA BINA INSAN MANDIRI More..,Jawa Timur,Kab. Nganjuk,SMA
507,5,"528,392",30401487,SMAN 5 BALIKPAPAN SELATAN More..,Kalimantan Timur,Kota Balikpapan,SMA
508,4,"528,325",10900232,SMAN 1 SUNGAI LIAT More..,Kepulauan Bangka Belitung,Kab. Bangka,SMA
509,8,"528,29",10603853,SMA NEGERI 06 PALEMBANG More..,Sumatera Selatan,Kota Palembang,SMA
510,98,"528,289",20219249,SMAN 23 BANDUNG More..,Jawa Barat,Kota Bandung,SMA
511,99,"528,259",20223043,SMAN 6 BEKASI More..,Jawa Barat,Kota Bekasi,SMA
512,5,"528,222",69775683,SMAS IT AR RAIHAN  More..,Lampung,Kota Bandar Lampung,SMA
513,100,"528,177",20220325,SMAS BUDI MULIA More..,Jawa Barat,Kota Bogor,SMA
514,83,"528,114",20103196,SMAS SANTO YOSEPH JAKARTA More..,DKI Jakarta,Kota Jakarta Timur,SMA
515,101,"528,109",20220329,SMAS KESATUAN More..,Jawa Barat,Kota Bogor,SMA
516,86,"528,075",20302171,SMAN 1 BANYUMAS More..,Jawa Tengah,Kab. Banyumas,SMA
517,75,"528,049",20533655,SMAS KATOLIK SANTA MARIA More..,Jawa Timur,Kota Malang,SMA
518,87,"527,99",20327967,SMAN 2 SURAKARTA More..,Jawa Tengah,Kota Surakarta,SMA
519,84,"527,979",20102572,SMAN 63 JAKARTA More..,DKI Jakarta,Kota Jakarta Selatan,SMA
520,88,"527,947",20339023,SMA NEGERI 2 PATI More..,Jawa Tengah,Kab. Pati,SMA
521,12,"527,907",10303499,SMAN 2 PADANG More..,Sumatera Barat,Kota Padang,SMA
522,36,"527,899",P2967096,PKBM KAK SETO More..,Banten,Kota Tangerang Selatan,PKBM
523,10,"527,896",10404022,SMAS SANTA MARIA More..,Riau,Kota Pekanbaru,SMA
524,102,"527,804",60726806,SMAIT INSANTAMA PLUS More..,Jawa Barat,Kota Bogor,SMA
525,89,"527,777",20327565,SMAN 4 MAGELANG More..,Jawa Tengah,Kota Magelang,SMA
526,76,"527,769",20532138,SMAS KATOLIK SANTA AGNES More..,Jawa Timur,Kota Surabaya,SMA
527,13,"527,713",10303500,SMAN 3 PADANG More..,Sumatera Barat,Kota Padang,SMA
528,103,"527,633",20269747,SMA NURUL FIKRI BOARDING SCHOOL LEMBANG More..,Jawa Barat,Kab. Bandung Barat,SMA
529,77,"527,602",20533664,SMAN 2 More..,Jawa Timur,Kota Malang,SMA
530,78,"527,565",69786332,SMA ISLAM TERPADU AL USWAH More..,Jawa Timur,Kota Surabaya,SMA
531,11,"527,491",10403985,SMA NEGERI 1 PEKANBARU More..,Riau,Kota Pekanbaru,SMA
532,104,"527,359",69822688,SMAS ISLAM TERPADU SITUWANGI CIKAJANG More..,Jawa Barat,Kab. Garut,SMA
533,105,"527,194",20252288,SMAS PRESIDEN (BOARDING SCHOOL) More..,Jawa Barat,Kab. Bekasi,SMA
534,79,"527,045",20503413,SMA NEGERI 3 JOMBANG More..,Jawa Timur,Kab. Jombang,SMA
535,12,"527,024",10496358,SMAS PLUS TARUNA ANDALAN More..,Riau,Kab. Pelalawan,SMA
536,106,"526,994",20206151,SMAN 1 BALEENDAH More..,Jawa Barat,Kab. Bandung,SMA
537,80,"526,96",20574536,SMA AL MUSLIM  More..,Jawa Timur,Kab. Sidoarjo,SMA
538,90,"526,933",69823287,SMA AL-ABIDIN BILINGUAL BOARDING SCHOOL More..,Jawa Tengah,Kota Surakarta,SMA
539,91,"526,929",20328879,SMA NEGERI 11 More..,Jawa Tengah,Kota Semarang,SMA
540,81,"526,926",20501784,SMAN 1 KRIAN More..,Jawa Timur,Kab. Sidoarjo,SMA
541,107,"526,909",20214989,SMAN 1 SUMBER More..,Jawa Barat,Kab. Cirebon,SMA
542,6,"526,895",69941830,MAN INSAN CENDEKIA PASER More..,Kalimantan Timur,Kab. Paser ,MA 
543,92,"526,807",20341151,SMAS AL ITISHOM GRABAG More..,Jawa Tengah,Kab. Magelang,SMA
544,85,"526,788",20102564,SMAN 87 JAKARTA More..,DKI Jakarta,Kota Jakarta Selatan,SMA
545,93,"526,782",20310425,SMAN 1 KARTASURA More..,Jawa Tengah,Kab. Sukoharjo,SMA
546,86,"526,742",20103308,SMAN 59 JAKARTA More..,DKI Jakarta,Kota Jakarta Timur,SMA
547,40,"526,72",20401132,SMAN 2 NGAGLIK More..,DI Yogyakarta,Kab. Sleman,SMA
548,82,"526,61",20532231,SMAN 20 SURABAYA More..,Jawa Timur,Kota Surabaya,SMA
549,83,"526,5",69948430,SMA  IT AL HIKMAH More..,Jawa Timur,Kab. Blitar ,SMA
550,7,"526,475",30400382,SMAN 1 BERAU More..,Kalimantan Timur,Kab. Berau,SMA
551,87,"526,446",20107334,SMA TARAKANITA 1 JAKARTA More..,DKI Jakarta,Kota Jakarta Selatan,SMA
552,94,"526,443",20317483,SMAN 1 BAE KUDUS More..,Jawa Tengah,Kab. Kudus,SMA
553,37,"526,346",20603267,SMAN 7 KOTA TANGERANG SELATAN More..,Banten,Kota Tangerang Selatan,SMA
554,88,"526,307",20102562,SMAN 97 JAKARTA More..,DKI Jakarta,Kota Jakarta Selatan,SMA
555,89,"526,261",20103290,SMAN 105 JAKARTA More..,DKI Jakarta,Kota Jakarta Timur,SMA
556,90,"526,232",20100224,SMAN 30 JAKARTA More..,DKI Jakarta,Kota Jakarta Pusat,SMA
557,13,"526,229",10403792,SMAN PINTAR More..,Riau,Kab. Kuantan Singingi,SMA
558,4,"526,199",30105212,SMAN 3 PONTIANAK More..,Kalimantan Barat,Kota Pontianak,SMA
559,84,"526,184",20517786,SMAS AR ROHMAH DAU More..,Jawa Timur,Kab. Malang,SMA
560,91,"526,161",20101587,SMAN 84 JAKARTA More..,DKI Jakarta,Kota Jakarta Barat,SMA
561,14,"526,081",10303904,SMAN 1 PAYAKUMBUH More..,Sumatera Barat,Kota Payakumbuh,SMA
562,92,"526,03",20102213,SMAN 37 JAKARTA More..,DKI Jakarta,Kota Jakarta Selatan,SMA
563,1,"525,846",69975824,MAN INSAN CENDEKIA KOTA KENDARI More..,Sulawesi Tenggara,Kota Kendari ,MA 
564,85,"525,809",20533803,SMKS TELKOM SANDHY PUTRA More..,Jawa Timur,Kota Malang,SMK
565,93,"525,782",20103787,SMKN 26 JAKARTA More..,DKI Jakarta,Kota Jakarta Timur,SMK
566,108,"525,782",20224511,SMA NEGERI 1 TASIKMALAYA More..,Jawa Barat,Kota Tasikmalaya,SMA
567,109,"525,707",69946479,SMA EDU GLOBAL More..,Jawa Barat,Kota Bandung ,SMA
568,94,"525,641",20101625,SMAN 16 JAKARTA More..,DKI Jakarta,Kota Jakarta Barat,SMA
569,95,"525,639",20330331,SMKN 1 KARANGANYAR More..,Jawa Tengah,Kab. Kebumen,SMK
570,86,"525,532",20534125,SMAN 1 MADIUN More..,Jawa Timur,Kota Madiun,SMA
571,15,"525,492",10211316,SMAS METHODIST More..,Sumatera Utara,Kota Binjai,SMA
572,96,"525,409",20306186,SMKN 2 PURWOREJO More..,Jawa Tengah,Kab. Purworejo,SMK
573,97,"525,399",20306180,SMKN 1 PURWOREJO More..,Jawa Tengah,Kab. Purworejo,SMK
574,41,"525,388",20401133,SMAN 2 SLEMAN More..,DI Yogyakarta,Kab. Sleman,SMA
575,110,"525,347",20218379,SMAN 2 TAMBUN SELATAN More..,Jawa Barat,Kab. Bekasi,SMA
576,98,"525,243",20321448,SMK NEGERI 2 TEMANGGUNG More..,Jawa Tengah,Kab. Temanggung,SMK
577,38,"525,171",20606847,SMAN 3 TANGERANG More..,Banten,Kota Tangerang,SMA
578,87,"525,147",20514347,SMAN 1 SRENGAT More..,Jawa Timur,Kab. Blitar,SMA
579,9,"525,072",50101696,SMAN 1 KUTA UTARA More..,Bali,Kab. Badung,SMA
580,111,"525,056",20219238,SMAN 15 BANDUNG More..,Jawa Barat,Kota Bandung,SMA
581,99,"525,01",20306806,SMA NEGERI 2 WONOSOBO More..,Jawa Tengah,Kab. Wonosobo,SMA
582,8,"524,941",69766189,SMAS IT DAARUL HIKMAH More..,Kalimantan Timur,Kota Bontang,SMA
583,10,"524,842",50105492,SMAN BALI MANDARA More..,Bali,Kab. Buleleng,SMA
584,88,"524,804",20580757,MAS UNGGULAN AMANATUL UMMAH SURABAYA More..,Jawa Timur,Kota Surabaya,MA 
585,6,"524,762",11002199,SMAN 5 BATAM More..,Kepulauan Riau,Kota Batam,SMA
586,112,"524,736",20219324,SMAN 9 BANDUNG More..,Jawa Barat,Kota Bandung,SMA
587,100,"524,708",20341603,SMAS AL IRSYAD AL ISLAMIYYAH More..,Jawa Tengah,Kab. Banyumas,SMA
588,113,"524,681",20265284,SMAS YOS SUDARSO More..,Jawa Barat,Kab. Karawang,SMA
589,11,"524,659",50101705,SMAN 1 KUTA More..,Bali,Kab. Badung,SMA
590,114,"524,657",20219239,SMAN 14 BANDUNG More..,Jawa Barat,Kota Bandung,SMA
591,115,"524,648",20277119,MAN 2 KOTA BOGOR More..,Jawa Barat,Kota Bogor,MA 
592,42,"524,62",20401126,SMAN 1 PRAMBANAN More..,DI Yogyakarta,Kab. Sleman,SMA
593,89,"524,589",20506254,SMA NEGERI 2 LAMONGAN More..,Jawa Timur,Kab. Lamongan,SMA
594,90,"524,516",20534122,SMAN 3 TARUNA ANGKASA MADIUN More..,Jawa Timur,Kota Madiun,SMA
595,6,"524,469",10504553,SMAN 3 KOTA JAMBI More..,Jambi,Kota Jambi,SMA
596,116,"524,318",20223040,SMAN 9 BEKASI More..,Jawa Barat,Kota Bekasi,SMA
597,117,"524,293",20254097,SMAS KETAPANG 3 More..,Jawa Barat,Kab. Bogor,SMA
598,118,"524,258",20229166,SMAN 4 KOTA DEPOK More..,Jawa Barat,Kota Depok,SMA
599,91,"524,242",20508480,SMAN 1 NGAWI More..,Jawa Timur,Kab. Ngawi,SMA
600,101,"524,209",20321428,SMA NEGERI 1 PARAKAN More..,Jawa Tengah,Kab. Temanggung,SMA
601,102,"524,192",20323398,SMA NEGERI 1 KAJEN More..,Jawa Tengah,Kab. Pekalongan,SMA
602,15,"524,183",10303610,SMAN 2 PADANG PANJANG More..,Sumatera Barat,Kota Padang Panjang,SMA
603,9,"524,179",30401787,SMAS YAYASAN PENDIDIKAN VIDYA DAHANA PATRA More..,Kalimantan Timur,Kota Bontang,SMA
604,92,"524,16",20533661,SMAN 10 More..,Jawa Timur,Kota Malang,SMA
605,95,"524,143",20103299,SMAN 89 JAKARTA More..,DKI Jakarta,Kota Jakarta Timur,SMA
606,7,"524,122",10504684,SMAN 1 KOTA JAMBI More..,Jambi,Kota Jambi,SMA
607,96,"524,12",20102566,SMAN 82 JAKARTA More..,DKI Jakarta,Kota Jakarta Selatan,SMA
608,39,"524,093",20613768,SMAN 6 KOTA TANGERANG SELATAN More..,Banten,Kota Tangerang Selatan,SMA
609,9,"523,751",10600905,SMAN 1 UNGGULAN MUARA ENIM More..,Sumatera Selatan,Kab. Muara Enim,SMA
610,97,"523,749",20103784,SMKN 48 JAKARTA More..,DKI Jakarta,Kota Jakarta Timur,SMK
611,93,"523,693",20533638,SMAS KATOLIK COR YESU More..,Jawa Timur,Kota Malang,SMA
612,98,"523,69",20102573,SMAN 60 JAKARTA More..,DKI Jakarta,Kota Jakarta Selatan,SMA
613,103,"523,623",20331978,SMAN 2 MAGELANG More..,Jawa Tengah,Kota Magelang,SMA
614,94,"523,596",20540294,SMA DARUL ULUM 2 UNGGULAN BPPT More..,Jawa Timur,Kab. Jombang,SMA
615,119,"523,581",20224136,SMK NEGERI 1 CIMAHI More..,Jawa Barat,Kota Cimahi,SMK
616,104,"523,567",20363060,MAN 1 SURAKARTA More..,Jawa Tengah,Kota Surakarta,MA 
617,95,"523,524",20504478,SMAN 2 BOJONEGORO More..,Jawa Timur,Kab. Bojonegoro,SMA
618,105,"523,486",20320385,SMA NEGERI 1 BRINGIN More..,Jawa Tengah,Kab. Semarang,SMA
619,106,"523,458",20363211,MAS AL IRSYAD More..,Jawa Tengah,Kab. Semarang,MA 
620,120,"523,415",20219306,SMAN 6 BANDUNG More..,Jawa Barat,Kota Bandung,SMA
621,16,"523,347",10303905,SMAN 2 PAYAKUMBUH More..,Sumatera Barat,Kota Payakumbuh,SMA
622,99,"523,252",20103291,SMAN 104 JAKARTA More..,DKI Jakarta,Kota Jakarta Timur,SMA
623,121,"523,104",20231317,SMAS MARSUDIRINI More..,Jawa Barat,Kab. Bogor,SMA
624,100,"523,1",20109513,SMAS HIGH SCOPE More..,DKI Jakarta,Kota Jakarta Selatan,SMA
625,122,"523,042",20219250,SMAN 22 BANDUNG More..,Jawa Barat,Kota Bandung,SMA
626,17,"523,033",10302476,SMAN 1 BATU SANGKAR More..,Sumatera Barat,Kab. Tanah Datar,SMA
627,4,"522,953",30304468,SMAS KRISTEN KANAAN More..,Kalimantan Selatan,Kota Banjarmasin,SMA
628,123,"522,946",20231704,SMAS ANANDA More..,Jawa Barat,Kota Bekasi,SMA
629,124,"522,906",20270492,SMAN 8 DEPOK More..,Jawa Barat,Kota Depok,SMA
630,40,"522,852",20603270,SMAN 4 KOTA TANGERANG SELATAN More..,Banten,Kota Tangerang Selatan,SMA
631,101,"522,841",20102211,SMAN 43 JAKARTA More..,DKI Jakarta,Kota Jakarta Selatan,SMA
632,43,"522,759",20400380,SMA NEGERI 2 BANGUNTAPAN More..,DI Yogyakarta,Kab. Bantul,SMA
633,107,"522,728",20328939,SMA NEGERI 09 More..,Jawa Tengah,Kota Semarang,SMA
634,102,"522,673",20103258,SMAN 93 JAKARTA More..,DKI Jakarta,Kota Jakarta Timur,SMA
635,125,"522,649",20258092,SMAS MUTIARA BUNDA More..,Jawa Barat,Kota Bandung,SMA
636,5,"522,522",30304598,SMAN 2 BANJARBARU More..,Kalimantan Selatan,Kota Banjarbaru,SMA
637,108,"522,501",20300727,SMA NEGERI 3 CILACAP More..,Jawa Tengah,Kab. Cilacap,SMA
638,126,"522,499",20220273,SMKN 1 BOGOR More..,Jawa Barat,Kota Bogor,SMK
639,44,"522,466",60724851,SMAS MUHAMMADIYAH BOARDING SCHOOL (MBS) SLEMAN More..,DI Yogyakarta,Kab. Sleman,SMA
640,96,"522,458",69965070,SMA TAZKIA IIBS More..,Jawa Timur,Kab. Malang ,SMA
641,97,"522,396",20532088,SMAS KATOLIK ST CAROLUS More..,Jawa Timur,Kota Surabaya,SMA
642,45,"522,347",20402810,SMA NEGERI 1 PENGASIH More..,DI Yogyakarta,Kab. Kulon Progo,SMA
643,12,"522,297",69765014,SMAS ALBANNA More..,Bali,Kota Denpasar,SMA
644,6,"522,229",30304260,SMAN 7 BANJARMASIN More..,Kalimantan Selatan,Kota Banjarmasin,SMA
645,6,"522,11",10805055,SMAN 1 PRINGSEWU More..,Lampung,Kab. Pringsewu,SMA
646,46,"522,028",20400416,SMK NEGERI 1 BANTUL More..,DI Yogyakarta,Kab. Bantul,SMK
647,7,"522,018",11000433,SMAN 1 TANJUNG PINANG More..,Kepulauan Riau,Kota Tanjungpinang,SMA
648,47,"522,011",20363269,MAS ISLAMIC CENTRE BIN BAZ More..,DI Yogyakarta,Kab. Bantul,MA 
649,103,"521,96",20100211,SMAN 4 JAKARTA More..,DKI Jakarta,Kota Jakarta Pusat,SMA
650,13,"521,94",50103181,SMAS K SANTO YOSEPH DENPASAR More..,Bali,Kota Denpasar,SMA
651,109,"521,89",20361201,SMAS INSAN CENDIKIA AL-MUJTABA More..,Jawa Tengah,Kab. Sukoharjo,SMA
652,5,"521,836",10900452,SMKN 1 TANJUNGPANDAN More..,Kepulauan Bangka Belitung,Kab. Belitung,SMK
653,98,"521,773",20523828,SMAN AMBULU More..,Jawa Timur,Kab. Jember,SMA
654,110,"521,723",20327608,SMKN 1 MAGELANG More..,Jawa Tengah,Kota Magelang,SMK
655,14,"521,7",10400870,SMAS CENDANA MANDAU More..,Riau,Kab. Bengkalis,SMA
656,111,"521,688",20309690,SMAN 3 KLATEN More..,Jawa Tengah,Kab. Klaten,SMA
657,99,"521,68",20507733,SMAN 1 MEJAYAN More..,Jawa Timur,Kab. Madiun,SMA
658,112,"521,657",20320369,SMA NEGERI 1 SURUH More..,Jawa Tengah,Kab. Semarang,SMA
659,113,"521,654",20330330,SMKN 1 GOMBONG More..,Jawa Tengah,Kab. Kebumen,SMK
660,16,"521,613",10206580,SMAN 1 MATAULI PANDAN More..,Sumatera Utara,Kab. Tapanuli Tengah,SMA
661,127,"521,597",20200686,SMAS DWI WARNA More..,Jawa Barat,Kab. Bogor,SMA
662,128,"521,567",69774555,SMA ISLAM AL-AZHAR 8 More..,Jawa Barat,Kota Bekasi,SMA
663,48,"521,52",69965701,SMAIT ABU BAKAR BOARDING SCHOOL KULON PROGO More..,DI Yogyakarta,Kab. Kulon Progo ,SMA
664,7,"521,517",10807070,SMAN 9 BANDAR LAMPUNG More..,Lampung,Kota Bandar Lampung,SMA
665,129,"521,509",20200685,SMAN 1 CIAWI BOGOR More..,Jawa Barat,Kab. Bogor,SMA
666,130,"521,482",20268809,SMAS IT NURURRAHMAN More..,Jawa Barat,Kota Depok,SMA
667,2,"521,479",69978360,MAN INSAN CENDEKIA BENGKULU TENGAH More..,Bengkulu,Kab. Bengkulu Tengah ,MA 
668,131,"521,454",20223032,SMAN 11 BEKASI More..,Jawa Barat,Kota Bekasi,SMA
669,114,"521,405",20310495,SMAS ASSALAM SUKOHARJO More..,Jawa Tengah,Kab. Sukoharjo,SMA
670,100,"521,359",20529954,SMAN 1 SUMENEP More..,Jawa Timur,Kab. Sumenep,SMA
671,115,"521,354",20307727,SMAN 1 GRABAG More..,Jawa Tengah,Kab. Magelang,SMA
672,104,"521,349",20100780,SMAN 80 JAKARTA More..,DKI Jakarta,Kota Jakarta Utara,SMA
673,116,"521,325",20320244,SMA NEGERI 1 TENGARAN More..,Jawa Tengah,Kab. Semarang,SMA
674,105,"521,316",20107306,SMAS ISLAM AL-AZHAR 3 JAKARTA More..,DKI Jakarta,Kota Jakarta Selatan,SMA
675,106,"521,283",20177948,MAS PEMBANGUNAN UIN More..,DKI Jakarta,Kota Jakarta Selatan,MA 
676,132,"521,275",20221561,SMAN 3 SUKABUMI More..,Jawa Barat,Kota Sukabumi,SMA
677,15,"521,26",10404988,SMAN BINSUS KOTA DUMAI More..,Riau,Kota Dumai,SMA
678,101,"521,178",20532218,SMAN 18 SURABAYA More..,Jawa Timur,Kota Surabaya,SMA
679,49,"521,135",20402127,SMAN 2 PLAYEN More..,DI Yogyakarta,Kab. Gunung Kidul,SMA
680,133,"521,107",20231316,SMAS MARDI WALUYA More..,Jawa Barat,Kab. Bogor,SMA
681,117,"521,082",20324218,SMAN 1 COMAL More..,Jawa Tengah,Kab. Pemalang,SMA
682,7,"521,081",40314696,SMKN 11 MAKASSAR More..,Sulawesi Selatan,Kota Makassar,SMK
683,50,"521,069",20402817,SMK N 2 PENGASIH More..,DI Yogyakarta,Kab. Kulon Progo,SMK
684,41,"521,068",20606829,SMAN 7 TANGERANG More..,Banten,Kota Tangerang,SMA
685,102,"521,063",20535052,SMAN 3 BLITAR More..,Jawa Timur,Kota Blitar,SMA
686,103,521,20577343,SMAS AR-ROHMAH PUTRI BOARDING SCHOOL DAU More..,Jawa Timur,Kab. Malang,SMA
687,10,"520,992",30401786,SMAN 1 BONTANG More..,Kalimantan Timur,Kota Bontang,SMA
688,118,"520,949",20363221,MAS PPMI ASSALAAM More..,Jawa Tengah,Kab. Sukoharjo,MA 
689,119,"520,94",20330332,SMKN 1 KEBUMEN More..,Jawa Tengah,Kab. Kebumen,SMK
690,120,"520,83",20308442,SMAN 1 SIMO More..,Jawa Tengah,Kab. Boyolali,SMA
691,121,"520,79",20303231,SMAN 1 BOBOTSARI More..,Jawa Tengah,Kab. Purbalingga,SMA
692,14,"520,784",50100843,SMAN 1 NEGARA More..,Bali,Kab. Jembrana,SMA
693,51,"520,69",20403227,SMAS BOPKRI 1 More..,DI Yogyakarta,Kota Yogyakarta,SMA
694,18,"520,682",69964938,SMA NEGERI 3 SUMATERA BARAT More..,Sumatera Barat,Kab. Pasaman ,SMA
695,42,"520,669",69943715,SMA AL ADZKAR More..,Banten,Kota Tangerang Selatan,SMA
696,107,"520,654",20103279,SMAN 9 JAKARTA More..,DKI Jakarta,Kota Jakarta Timur,SMA
697,52,"520,649",20401125,SMAN 1 SEYEGAN More..,DI Yogyakarta,Kab. Sleman,SMA
698,134,"520,645",69866096,SMA AL MINHAJ More..,Jawa Barat,Kab. Bogor,SMA
699,135,"520,624",20220322,SMAS BINA INSANI More..,Jawa Barat,Kota Bogor,SMA
700,136,"520,61",20224510,SMA Negeri 2 Tasikmalaya More..,Jawa Barat,Kota Tasikmalaya,SMA
701,16,"520,542",10403996,SMAS CENDANA More..,Riau,Kota Pekanbaru,SMA
702,104,"520,458",20510147,SMAN 2 PONOROGO More..,Jawa Timur,Kab. Ponorogo,SMA
703,122,"520,421",20312173,SMAN KARANGPANDAN More..,Jawa Tengah,Kab. Karanganyar,SMA
704,108,"520,404",20100219,SMAN 24 JAKARTA More..,DKI Jakarta,Kota Jakarta Pusat,SMA
705,53,"520,402",20402796,SMA NEGERI 1 SENTOLO More..,DI Yogyakarta,Kab. Kulon Progo,SMA
706,137,"520,372",20220313,SMAS MARDI YUANA More..,Jawa Barat,Kota Bogor,SMA
707,105,"520,361",20522640,SMAN 1 SITUBONDO More..,Jawa Timur,Kab. Situbondo,SMA
708,138,"520,352",20231720,SMAN 14 BEKASI More..,Jawa Barat,Kota Bekasi,SMA
709,106,"520,305",20511953,SMAN 1 PARE More..,Jawa Timur,Kab. Kediri,SMA
710,109,"520,233",20103289,SMAN 106 JAKARTA More..,DKI Jakarta,Kota Jakarta Timur,SMA
711,123,"520,198",20305013,SMAN 1 KUTOWINANGUN More..,Jawa Tengah,Kab. Kebumen,SMA
712,124,"520,142",20309681,SMAN 1 JOGONALAN More..,Jawa Tengah,Kab. Klaten,SMA
713,139,"520,133",20219316,SMAN 7 BANDUNG More..,Jawa Barat,Kota Bandung,SMA
714,140,"520,118",20219247,SMAN 25 BANDUNG More..,Jawa Barat,Kota Bandung,SMA
715,107,"520,038",20534749,SMAN 2 More..,Jawa Timur,Kota Mojokerto,SMA
716,125,"520,022",20300731,SMA NEGERI 1 MAOS More..,Jawa Tengah,Kab. Cilacap,SMA
717,110,"519,959",20100210,SMAN 5 JAKARTA More..,DKI Jakarta,Kota Jakarta Pusat,SMA
718,126,"519,892",20319280,SMAN 1 DEMAK More..,Jawa Tengah,Kab. Demak,SMA
719,141,"519,836",20263963,SMKN KEHUTANAN KADIPATEN More..,Jawa Barat,Kab. Majalengka,SMK
720,127,"519,824",20314884,SMAN 1 CEPU More..,Jawa Tengah,Kab. Blora,SMA
721,19,"519,818",10300299,SMA NEGERI 1 AMPEK ANGKEK More..,Sumatera Barat,Kab. Agam,SMA
722,128,"519,756",20337795,SMAS IT AL HIKMAH KARANGGEDE More..,Jawa Tengah,Kab. Boyolali,SMA
723,111,"519,737",20103769,SMK CARAKA NUSANTARA More..,DKI Jakarta,Kota Jakarta Timur,SMK
724,129,"519,699",20329508,SMA Negeri 3 Pekalongan More..,Jawa Tengah,Kota Pekalongan,SMA
725,1,"519,607",69767796,SMAS KRISTEN 2 KUPANG More..,Nusa Tenggara Timur,Kota Kupang,SMA
726,130,"519,593",20327586,SMKN 2 MAGELANG More..,Jawa Tengah,Kota Magelang,SMK
727,15,"519,59",P9908600,PKBM HOMESCHOOLING PRIMAGAMA More..,Bali,Kota Denpasar ,PKBM
728,54,"519,534",20402788,SMK NEGERI 1 PENGASIH More..,DI Yogyakarta,Kab. Kulon Progo,SMK
729,108,"519,494",20546529,SMA TARUNA DRA. ZULAEHA More..,Jawa Timur,Kab. Probolinggo,SMA
730,109,"519,493",20517736,SMAN 1 TUMPANG More..,Jawa Timur,Kab. Malang,SMA
731,17,"519,493",10201985,SMA NEGERI 1 KABANJAHE More..,Sumatera Utara,Kab. Karo,SMA
732,110,"519,481",20507726,SMAN 1 GEGER More..,Jawa Timur,Kab. Madiun,SMA
733,131,"519,472",20307710,SMAN 1 SALAMAN More..,Jawa Tengah,Kab. Magelang,SMA
734,142,"519,466",20220341,SMAN 10 BOGOR More..,Jawa Barat,Kota Bogor,SMA
735,55,"519,456",20403157,SMAS MUHAMMADIYAH 1 YOGYAKARTA More..,DI Yogyakarta,Kota Yogyakarta,SMA
736,143,"519,432",20247276,SMAS LAZUARDI GIS More..,Jawa Barat,Kota Depok,SMA
737,112,"519,235",20112433,SMAS JAKARTA ISLAMIC SCHOOL More..,DKI Jakarta,Kota Jakarta Timur,SMA
738,144,"519,147",20229161,SMAS MARDI YUANA PANCORAN MAS More..,Jawa Barat,Kota Depok,SMA
739,145,"519,061",20219246,SMAN 19 BANDUNG More..,Jawa Barat,Kota Bandung,SMA
740,56,"519,007",20363282,MAN 2 YOGYAKARTA More..,DI Yogyakarta,Kota Yogyakarta,MA 
741,111,"519,004",20515450,SMAN 1 BOYOLANGU More..,Jawa Timur,Kab. Tulungagung,SMA
742,146,"518,924",20219240,SMAN 13 BANDUNG More..,Jawa Barat,Kota Bandung,SMA
743,112,"518,914",20525855,SMAN 1 GIRI More..,Jawa Timur,Kab. Banyuwangi,SMA
744,132,"518,843",20363001,MAS WATHONIYAH ISLAMIYAH KARANGDUWUR More..,Jawa Tengah,Kab. Kebumen,MA 
745,133,"518,817",20363090,MAS NU BANAT KUDUS More..,Jawa Tengah,Kab. Kudus,MA 
746,147,"518,771",20213893,SMAN 1 MAJALENGKA More..,Jawa Barat,Kab. Majalengka,SMA
747,43,"518,759",69961248,SMA IT PUTRI AL HANIF More..,Banten,Kota Cilegon ,SMA
748,134,"518,751",20328898,SMA NEGERI 15 More..,Jawa Tengah,Kota Semarang,SMA
749,18,"518,714",10211702,SMAN 4 PEMATANG SIANTAR More..,Sumatera Utara,Kota Pematangsiantar,SMA
750,113,"518,709",20521711,SMAN 2 BONDOWOSO More..,Jawa Timur,Kab. Bondowoso,SMA
751,135,"518,634",20325279,SMAN 3 SLAWI More..,Jawa Tengah,Kab. Tegal,SMA
752,136,"518,567",69897124,SMA ISLAM AL AZHAR 14 More..,Jawa Tengah,Kota Semarang,SMA
753,148,"518,534",20224112,SMA NEGERI 5 CIMAHI More..,Jawa Barat,Kota Cimahi,SMA
754,137,"518,506",69894827,Tahfizh Nurul Iman More..,Jawa Tengah,Kab. Karanganyar ,MA 
755,114,"518,505",20501703,SMAN 1 WARU More..,Jawa Timur,Kab. Sidoarjo,SMA
756,138,"518,493",20328891,SMA NEGERI 07 More..,Jawa Tengah,Kota Semarang,SMA
757,7,"518,462",60725447,SMAS GIBS More..,Kalimantan Selatan,Kab. Barito Kuala,SMA
758,57,"518,46",20407372,SMAS TERPADU BINA UMAT More..,DI Yogyakarta,Kab. Sleman,SMA
759,139,"518,459",20317501,SMAN 2 KUDUS More..,Jawa Tengah,Kab. Kudus,SMA
760,140,"518,39",20329845,SMAN 3 TEGAL More..,Jawa Tengah,Kota Tegal,SMA
761,19,"518,311",10263550,SMAN 2 LINTONGNIHUTA More..,Sumatera Utara,Kab. Humbang Hasudutan,SMA
762,141,"518,239",20363035,MAN SALATIGA More..,Jawa Tengah,Kota Salatiga,MA 
763,115,"518,18",20501862,SMAN 1 GEDANGAN More..,Jawa Timur,Kab. Sidoarjo,SMA
764,113,"518,053",20101585,SMAN 94 JAKARTA More..,DKI Jakarta,Kota Jakarta Barat,SMA
765,149,"518,006",20218356,SMAN 1 CIKARANG UTARA More..,Jawa Barat,Kab. Bekasi,SMA
766,142,"517,958",69829549,SMA SYUBBANUL WATHON More..,Jawa Tengah,Kota Jakarta Selatan,SMA
767,150,"517,944",20222311,SMAN 6 CIREBON More..,Jawa Barat,Kota Cirebon,SMA
768,8,"517,899",30300239,SMAN 1 MARTAPURA More..,Kalimantan Selatan,Kab. Banjar,SMA
769,151,"517,892",20203739,SMAN 1 CIANJUR More..,Jawa Barat,Kab. Cianjur,SMA
770,143,"517,888",20328398,SMAS KRISTEN 1 SIDOMUKTI More..,Jawa Tengah,Kota Salatiga,SMA
771,9,"517,843",30304280,SMAN 1 BANJARMASIN More..,Kalimantan Selatan,Kota Banjarmasin,SMA
772,144,"517,839",20313028,SMAN 2 SRAGEN More..,Jawa Tengah,Kab. Sragen,SMA
773,116,"517,758",20519303,SMAN 1 BANGIL More..,Jawa Timur,Kab. Pasuruan,SMA
774,16,"517,751",50102568,SMAN 1 BANGLI More..,Bali,Kab. Bangli,SMA
775,58,"517,657",20363271,MAS ALI MAKSUM More..,DI Yogyakarta,Kab. Bantul,MA 
776,114,"517,553",20102210,SMAN 46 JAKARTA More..,DKI Jakarta,Kota Jakarta Selatan,SMA
777,59,"517,478",20400389,SMA NEGERI 3 BANTUL More..,DI Yogyakarta,Kab. Bantul,SMA
778,17,"517,467",50103120,SMAN 7 DENPASAR More..,Bali,Kota Denpasar,SMA
779,145,"517,444",20302168,SMAN 4 PURWOKERTO More..,Jawa Tengah,Kab. Banyumas,SMA
780,115,"517,429",20109516,SMAS INTERNATIONAL ISLAMIC HIGH SCHOOL (IIHS) More..,DKI Jakarta,Kota Jakarta Selatan,SMA
781,146,"517,388",20327979,SMAS MTA SURAKARTA More..,Jawa Tengah,Kota Surakarta,SMA
782,116,"517,321",20100212,SMAN 35 JAKARTA More..,DKI Jakarta,Kota Jakarta Pusat,SMA
783,147,"517,314",20363083,MAS MAAHID More..,Jawa Tengah,Kab. Kudus,MA 
784,152,"517,22",20221590,SMAS MARDI YUANA More..,Jawa Barat,Kota Sukabumi,SMA
785,60,"517,194",20403151,SMAS BUDYA WACANA More..,DI Yogyakarta,Kota Yogyakarta,SMA
786,6,"517,109",10901003,SMAN 1 MANGGAR More..,Kepulauan Bangka Belitung,Kab. Belitung Timur,SMA
787,61,"517,099",20401160,SMAN 1 GAMPING More..,DI Yogyakarta,Kab. Sleman,SMA
788,3,"517,073",69766210,SMAN 10 KAUR (PENTAGON) More..,Bengkulu,Kab. Kaur,SMA
789,117,"517,052",20107322,SMAS PANGUDI LUHUR JAKARTA More..,DKI Jakarta,Kota Jakarta Selatan,SMA
790,117,"516,894",20534383,SMAN 7 KEDIRI More..,Jawa Timur,Kota Kediri,SMA
791,153,"516,836",20237987,SMAN 1 CIKARANG PUSAT More..,Jawa Barat,Kab. Bekasi,SMA
792,118,"516,832",20532261,SMAN 7 SURABAYA More..,Jawa Timur,Kota Surabaya,SMA
793,119,"516,825",20533639,SMAN 7 More..,Jawa Timur,Kota Malang,SMA
794,148,"516,759",20332522,SMA KRISTEN TERANG BANGSA More..,Jawa Tengah,Kota Semarang,SMA
795,149,"516,686",20303246,SMAN 2 PURBALINGGA More..,Jawa Tengah,Kab. Purbalingga,SMA
796,1,"516,641",30201848,SMAN 1 PANGKALAN BUN More..,Kalimantan Tengah,Kab. Kotawaringin Barat,SMA
797,62,"516,637",P9908270,PKBM HOME SCHOOLING PRIMAGAMA More..,DI Yogyakarta,Kota Yogyakarta,PKBM
798,154,"516,614",20252020,SMA IIBS More..,Jawa Barat,Kab. Bekasi,SMA
799,8,"516,534",69830525,SMA KEBANGSAAN More..,Lampung,Kab. Lampung Selatan,SMA
800,155,"516,517",20215991,SMAN 1 SINDANG More..,Jawa Barat,Kab. Indramayu,SMA
801,63,"516,459",69946713,SMA ISLAM AL AZHAR 9 YOGYAKARTA More..,DI Yogyakarta,Kab. Sleman ,SMA
802,44,"516,404",20606289,SMAN 1 CILEGON More..,Banten,Kota Cilegon,SMA
803,150,"516,403",20310418,SMAN 1 TAWANGSARI More..,Jawa Tengah,Kab. Sukoharjo,SMA
804,11,"516,389",69761840,SMAS Islam Bunga Bangsa More..,Kalimantan Timur,Kota Samarinda,SMA
805,64,"516,374",20400373,SMA NEGERI 1 SANDEN More..,DI Yogyakarta,Kab. Bantul,SMA
806,151,"516,314",20306811,SMK NEGERI 1 WONOSOBO More..,Jawa Tengah,Kab. Wonosobo,SMK
807,65,"516,295",20403182,SMAS BOPKRI 2 More..,DI Yogyakarta,Kota Yogyakarta,SMA
808,118,"516,276",69967066,SMAIT Buahati Islamic School More..,DKI Jakarta,Kota Jakarta Timur,SMA
809,20,"516,272",10303781,SMAN 1 SOLOK More..,Sumatera Barat,Kota Solok,SMA
810,156,"516,266",20219720,SMAS DARUL HIKAM BANDUNG More..,Jawa Barat,Kota Bandung,SMA
811,152,"516,245",20306172,SMAN 6 PURWOREJO More..,Jawa Tengah,Kab. Purworejo,SMA
812,120,"516,217",20532243,SMAN 10 SURABAYA More..,Jawa Timur,Kota Surabaya,SMA
813,153,"516,2",20302183,SMAN 1 JATILAWANG More..,Jawa Tengah,Kab. Banyumas,SMA
814,4,"516,062",10107309,SMAS FATIH BILINGUAL SCHOOL More..,Aceh,Kota Banda Aceh,SMA
815,121,"516,053",20584134,MAN 1 BLITAR More..,Jawa Timur,Kab. Blitar,MA 
816,154,"516,039",20320241,SMA NEGERI 2 UNGARAN More..,Jawa Tengah,Kab. Semarang,SMA
817,66,"516,02",20403280,SMKN 2 YOGYAKARTA More..,DI Yogyakarta,Kota Yogyakarta,SMK
818,155,"515,978",20300732,SMA NEGERI 1 MAJENANG More..,Jawa Tengah,Kab. Cilacap,SMA
819,5,"515,925",30105466,SMAN 3 SINGKAWANG More..,Kalimantan Barat,Kota Singkawang,SMA
820,156,"515,865",69943795,SMA Islam Al Azhar 15 More..,Jawa Tengah,Kota Semarang,SMA
821,157,"515,862",20277242,MAS PUTRI PUI TALAGA More..,Jawa Barat,Kab. Majalengka,MA 
822,67,"515,842",20403295,SMKN 7 YOGYAKARTA More..,DI Yogyakarta,Kota Yogyakarta,SMK
823,3,"515,74",50204515,SMAN 5 MATARAM More..,Nusa Tenggara Barat,Kota Mataram,SMA
824,21,"515,723",10307309,SMAN 1 PARIAMAN More..,Sumatera Barat,Kota Pariaman,SMA
825,157,"515,681",20318318,SMK NEGERI 3 JEPARA More..,Jawa Tengah,Kab. Jepara,SMK
826,158,"515,678",20312172,SMAN KEBAKKRAMAT More..,Jawa Tengah,Kab. Karanganyar,SMA
827,22,"515,664",10303467,SMAS DON BOSCO More..,Sumatera Barat,Kota Padang,SMA
828,159,"515,639",20362931,MAN 1 JEPARA More..,Jawa Tengah,Kab. Jepara,MA 
829,18,"515,638",50102366,SMAN 1 SEMARAPURA More..,Bali,Kab. Klungkung,SMA
830,119,"515,603",20107289,SMA CHARITAS More..,DKI Jakarta,Kota Jakarta Selatan,SMA
831,122,"515,591",20532146,SMAS KATOLIK STELLA MARIS More..,Jawa Timur,Kota Surabaya,SMA
832,68,"515,501",20407373,SMKS INDONESIA YOGYAKARTA More..,DI Yogyakarta,Kota Yogyakarta,SMK
833,123,"515,489",20538394,SMAN 1 KERTOSONO More..,Jawa Timur,Kab. Nganjuk,SMA
834,2,"515,453",69980514,MAN INSAN CENDEKIA KOTA PALU More..,Sulawesi Tengah,Kota Palu ,MA 
835,12,"515,401",30401058,SMA Negeri 3 Samarinda More..,Kalimantan Timur,Kota Samarinda,SMA
836,120,"515,353",20100223,SMAN 27 JAKARTA More..,DKI Jakarta,Kota Jakarta Pusat,SMA
837,121,"515,343",20103300,SMAN 88 JAKARTA More..,DKI Jakarta,Kota Jakarta Timur,SMA
838,160,"515,314",20301902,SMKS TELEKOMUNIKASI SANDHY PUTRA PURWOKERTO More..,Jawa Tengah,Kab. Banyumas,SMK
839,45,"515,301",20603346,SMAS ISLAMIC VILLAGE More..,Banten,Kab. Tangerang,SMA
840,122,"515,289",20103305,SMAN 64 JAKARTA More..,DKI Jakarta,Kota Jakarta Timur,SMA
841,17,"515,268",10404015,SMA NEGERI 4 PEKANBARU More..,Riau,Kota Pekanbaru,SMA
842,158,"515,217",20219257,SMAN 10 BANDUNG More..,Jawa Barat,Kota Bandung,SMA
843,9,"515,198",10807030,SMA S FRANSISCUS More..,Lampung,Kota Bandar Lampung,SMA
844,23,"515,185",10307525,SMAN 3 BUKITTINGGI More..,Sumatera Barat,Kota Bukittinggi,SMA
845,8,"515,124",69814064,SMAS KRISTEN 2 RANTEPAO More..,Sulawesi Selatan,Kab. Toraja Utara,SMA
846,69,"515,085",20402116,SMAN 1 SEMIN More..,DI Yogyakarta,Kab. Gunung Kidul,SMA
847,10,"514,999",30315550,MAN 2 HULU SUNGAI UTARA More..,Kalimantan Selatan,Kab. Hulu Sungai Utara,MA 
848,70,"514,964",20404175,SMAS PANGUDI LUHUR More..,DI Yogyakarta,Kota Yogyakarta,SMA
849,161,"514,963",20309526,SMKN 2 KLATEN More..,Jawa Tengah,Kab. Klaten,SMK
850,24,"514,897",10263753,MAS KMI DINIYAH PUTERI More..,Sumatera Barat,Kota Padang Panjang,MA 
851,162,"514,877",20311331,SMAN 2 WONOGIRI More..,Jawa Tengah,Kab. Wonogiri,SMA
852,13,"514,865",30401066,SMA Negeri 1 Samarinda More..,Kalimantan Timur,Kota Samarinda,SMA
853,25,"514,858",10307524,SMAN 2 BUKITTINGGI More..,Sumatera Barat,Kota Bukittinggi,SMA
854,159,"514,702",20257102,SMAS IT THORIQ BIN ZIYAD More..,Jawa Barat,Kab. Bekasi,SMA
855,123,"514,693",20103312,SMAN 51 JAKARTA More..,DKI Jakarta,Kota Jakarta Timur,SMA
856,124,"514,675",20103287,SMAN 11 JAKARTA More..,DKI Jakarta,Kota Jakarta Timur,SMA
857,163,"514,663",20318337,SMA NEGERI 1 WELAHAN More..,Jawa Tengah,Kab. Jepara,SMA
858,7,"514,621",10900238,SMAN 1 BELINYU More..,Kepulauan Bangka Belitung,Kab. Bangka,SMA
859,71,"514,616",20403146,SMAS STELLA DUCE 2 More..,DI Yogyakarta,Kota Yogyakarta,SMA
860,164,"514,6",20300729,SMA NEGERI 1 SIDAREJA More..,Jawa Tengah,Kab. Cilacap,SMA
861,165,"514,591",20326490,SMAN 1 BUMIAYU More..,Jawa Tengah,Kab. Brebes,SMA
862,1,"514,583",30401697,SMAN 1 TARAKAN More..,Kalimantan Utara,Kota Tarakan,SMA
863,125,"514,575",20177928,MAN 13 JAKARTA More..,DKI Jakarta,Kota Jakarta Selatan,MA 
864,8,"514,568",11000382,SMKN 1 BATAM More..,Kepulauan Riau,Kota Batam,SMK
865,2,"514,554",60103098,SMAN SIWALIMA AMBON More..,Maluku,Kota Ambon,SMA
866,126,"514,467",20101500,SMKN 42 JAKARTA More..,DKI Jakarta,Kota Jakarta Barat,SMK
867,124,"514,466",20503407,SMA NEGERI NGORO More..,Jawa Timur,Kab. Jombang,SMA
868,125,"514,464",20535465,UPT SMA NEGERI 2 PASURUAN More..,Jawa Timur,Kota Pasuruan,SMA
869,160,"514,427",20221587,SMAS PESANTREN TERPADU HAYATAN THAYYIBAH More..,Jawa Barat,Kota Sukabumi,SMA
870,19,"514,417",50103122,SMAN 5 DENPASAR More..,Bali,Kota Denpasar,SMA
871,46,"514,404",20613785,SMAN 23 KABUPATEN TANGERANG More..,Banten,Kab. Tangerang,SMA
872,161,"514,35",20206227,SMAN 1 CISARUA More..,Jawa Barat,Kab. Bandung Barat,SMA
873,162,"514,349",69874079,SMA REGINA CAELI More..,Jawa Barat,Kab. Bogor,SMA
874,126,"514,292",20503415,SMA NEGERI 1 JOMBANG More..,Jawa Timur,Kab. Jombang,SMA
875,166,"514,274",20339022,SMA NEGERI 1 TAYU More..,Jawa Tengah,Kab. Pati,SMA
876,72,"514,22",20401136,SMKN 1 TEMPEL More..,DI Yogyakarta,Kab. Sleman,SMK
877,8,"514,21",10901019,SMAN 1 KELAPA KAMPIT More..,Kepulauan Bangka Belitung,Kab. Belitung Timur,SMA
878,20,"514,184",50103126,SMAN 2 DENPASAR More..,Bali,Kota Denpasar,SMA
879,127,"514,088",20101604,SMAN 57 JAKARTA More..,DKI Jakarta,Kota Jakarta Barat,SMA
880,3,"514,077",40203776,SMAN MODEL TERPADU MADANI More..,Sulawesi Tengah,Kota Palu,SMA
881,127,"514,009",20534408,SMKN 2 KEDIRI More..,Jawa Timur,Kota Kediri,SMK
882,163,"513,993",20219775,SMAS PLUS MUTHAHHARI More..,Jawa Barat,Kota Bandung,SMA
883,128,"513,891",69856217,SMA PEMBANGUNAN JAYA 2 More..,Jawa Timur,Kab. Sidoarjo,SMA
884,164,"513,848",20219141,SMKN 7 BANDUNG More..,Jawa Barat,Kota Bandung,SMK
885,165,"513,842",20219235,SMAN 17 BANDUNG More..,Jawa Barat,Kota Bandung,SMA
886,129,"513,838",20580048,MAN 2 KOTA MADIUN More..,Jawa Timur,Kota Madiun,MA 
887,73,"513,784",20401128,SMAN 1 NGEMPLAK More..,DI Yogyakarta,Kab. Sleman,SMA
888,130,"513,774",20501700,SMAN 4 SIDOARJO More..,Jawa Timur,Kab. Sidoarjo,SMA
889,14,"513,714",30401785,SMAN 2 BONTANG More..,Kalimantan Timur,Kota Bontang,SMA
890,128,"513,701",20101621,SMAN 23 JAKARTA More..,DKI Jakarta,Kota Jakarta Barat,SMA
891,167,"513,65",20326488,SMAN 1 BREBES More..,Jawa Tengah,Kab. Brebes,SMA
892,166,"513,606",20270720,SMAS ISLAM HASMI More..,Jawa Barat,Kab. Bogor,SMA
893,6,"513,589",69976449,MAN INSAN CENDEKIA SAMBAS More..,Kalimantan Barat,Kab. Sambas,MA 
894,74,"513,535",20401193,SMKN 1 DEPOK More..,DI Yogyakarta,Kab. Sleman,SMK
895,75,"513,476",20400374,SMA NEGERI 1 PUNDONG More..,DI Yogyakarta,Kab. Bantul,SMA
896,131,"513,472",20580301,MAS MUHAMMADIYAH 1 JEMBER More..,Jawa Timur,Kab. Jember,MA 
897,4,"513,421",50202522,SMAN 1 SELONG More..,Nusa Tenggara Barat,Kab. Lombok Timur,SMA
898,168,"513,392",20331830,SMKS FARMASI NASIONAL SURAKARTA More..,Jawa Tengah,Kota Surakarta,SMK
899,169,"513,357",20318339,SMA NEGERI 1 PECANGAAN More..,Jawa Tengah,Kab. Jepara,SMA
900,170,"513,224",20328448,SMAN 2 SALATIGA More..,Jawa Tengah,Kota Salatiga,SMA
901,132,"513,197",20534308,SMAS AR RISALAH More..,Jawa Timur,Kota Kediri,SMA
902,76,"513,158",20401137,SMKN 1 GODEAN More..,DI Yogyakarta,Kab. Sleman,SMK
903,133,"513,141",20532167,SMAS LUQMAN AL HAKIM More..,Jawa Timur,Kota Surabaya,SMA
904,7,"513,092",30101943,SMAN 1 SANGGAU More..,Kalimantan Barat,Kab. Sanggau,SMA
905,18,"513,026",10403425,SMAN 1 TUALANG More..,Riau,Kab. Siak,SMA
906,171,"513,014",20328460,SMKN 2 SALATIGA More..,Jawa Tengah,Kota Salatiga,SMK
907,9,"512,963",40307392,SMAN 5 MAKASSAR More..,Sulawesi Selatan,Kota Makassar,SMA
908,4,"512,95",10700669,SMAN 1 REJANG LEBONG More..,Bengkulu,Kab. Rejang Lebong,SMA
909,172,"512,941",20330335,SMKN 2 KEBUMEN More..,Jawa Tengah,Kab. Kebumen,SMK
910,167,"512,935",20280328,MAS PERSIS TAROGONG More..,Jawa Barat,Kab. Garut,MA 
911,47,"512,904",20623275,MAN 2 KOTA SERANG More..,Banten,Kota Serang,MA 
912,129,"512,892",20103280,SMAN 36 JAKARTA More..,DKI Jakarta,Kota Jakarta Timur,SMA
913,134,"512,844",20523826,SMAN 4 JEMBER More..,Jawa Timur,Kab. Jember,SMA
914,168,"512,835",20200601,SMAN 1 LEUWILIANG More..,Jawa Barat,Kab. Bogor,SMA
915,15,"512,818",30401059,SMA Negeri 2 Samarinda More..,Kalimantan Timur,Kota Samarinda,SMA
916,10,"512,778",10609706,SMA XAVERIUS 03 PALEMBANG More..,Sumatera Selatan,Kota Palembang,SMA
917,169,"512,765",20208419,SMAN 1 SUMEDANG More..,Jawa Barat,Kab. Sumedang,SMA
918,130,"512,751",20100779,SMAN 75 JAKARTA More..,DKI Jakarta,Kota Jakarta Utara,SMA
919,170,"512,75",20206208,SMAN 1 PADALARANG More..,Jawa Barat,Kab. Bandung Barat,SMA
920,48,"512,728",69893966,SMA GLOBAL ISLAMIC SCHOOL 2 More..,Banten,Kota Tangerang Selatan ,SMA
921,171,"512,707",20251793,SMAN 1 CILEUNYI More..,Jawa Barat,Kab. Bandung,SMA
922,26,"512,659",10303504,SMAN 7 PADANG More..,Sumatera Barat,Kota Padang,SMA
923,49,"512,656",20603164,SMAS DAAR EL QOLAM More..,Banten,Kab. Tangerang,SMA
924,173,"512,631",20325258,SMKN 1 SLAWI More..,Jawa Tengah,Kab. Tegal,SMK
925,20,"512,529",10219919,SMAS HARAPAN 3 DELI TUA More..,Sumatera Utara,Kab. Deli Serdang,SMA
926,172,"512,519",20223068,SMAS PANGUDI LUHUR II More..,Jawa Barat,Kota Bekasi,SMA
927,135,"512,502",20584790,MAN 2 TULUNGAGUNG More..,Jawa Timur,Kab. Tulungagung,MA 
928,19,"512,496",10497348,SMK KEHUTANAN NEGERI PEKANBARU More..,Riau,Kota Pekanbaru,SMK
929,173,"512,495",20219237,SMAN 16 BANDUNG More..,Jawa Barat,Kota Bandung,SMA
930,136,"512,366",20541242,SMAN 1 SUMBERREJO More..,Jawa Timur,Kab. Bojonegoro,SMA
931,50,"512,282",69859757,SMA INSAN RABBANY More..,Banten,Kota Tangerang Selatan,SMA
932,77,"512,275",20402089,SMKN 2 WONOSARI More..,DI Yogyakarta,Kab. Gunung Kidul,SMK
933,174,"512,203",20338920,SMK NEGERI 1 SRAGI More..,Jawa Tengah,Kab. Pekalongan,SMK
934,137,"512,183",60726350,SMAS PLUS AL FATIMAH More..,Jawa Timur,Kab. Bojonegoro,SMA
935,131,"512,152",20177927,MAN 7 JAKARTA More..,DKI Jakarta,Kota Jakarta Selatan,MA 
936,138,"512,148",20519328,SMAS AL - MA HADUL ISLAMI BEJI More..,Jawa Timur,Kab. Pasuruan,SMA
937,11,"512,142",10603865,SMA NEGERI 01 PALEMBANG More..,Sumatera Selatan,Kota Palembang,SMA
938,51,"512,137",20606271,SMAN 2 KRAKATAU STEEL CILEGON More..,Banten,Kota Cilegon,SMA
939,139,"512,111",20520821,SMAN 1 LUMAJANG More..,Jawa Timur,Kab. Lumajang,SMA
940,140,"512,099",20584211,MAN 1 MALANG More..,Jawa Timur,Kab. Malang,MA 
941,175,"512,056",20362426,SMAS ISLAM AL-AZHAR SOLO BARU More..,Jawa Tengah,Kab. Sukoharjo,SMA
942,174,"512,043",20276187,SMAN 9 DEPOK More..,Jawa Barat,Kota Depok,SMA
943,132,"512,024",20103282,SMAN 22 JAKARTA More..,DKI Jakarta,Kota Jakarta Timur,SMA
944,27,"512,021",10307616,SMKN ANALIS KIMIA PADANG More..,Sumatera Barat,Kota Padang,SMK
945,176,"511,95",20330346,SMAS AL ISLAM 1 SURAKARTA More..,Jawa Tengah,Kota Surakarta,SMA
946,175,"511,945",69954194,SMA ISLAM AL - AZHAR 18 GRAND WISATA More..,Jawa Barat,Kab. Bekasi,SMA
947,177,"511,899",20312189,SMAN 2 KARANGANYAR More..,Jawa Tengah,Kab. Karanganyar,SMA
948,178,"511,884",20314864,SMKN 2 BLORA More..,Jawa Tengah,Kab. Blora,SMK
949,141,"511,811",20580038,MAN KOTA BATU More..,Jawa Timur,Kota Batu,MA 
950,133,"511,799",20102565,SMAN 86 JAKARTA More..,DKI Jakarta,Kota Jakarta Selatan,SMA
951,179,"511,794",20308441,SMAN 1 TERAS More..,Jawa Tengah,Kab. Boyolali,SMA
952,142,"511,771",20537011,SMAN 1 KEBOMAS More..,Jawa Timur,Kab. Gresik,SMA
953,143,"511,765",20538321,SMAN 1 NGANJUK More..,Jawa Timur,Kab. Nganjuk,SMA
954,176,"511,728",20280140,MAS DARUL MARHAMAH More..,Jawa Barat,Kab. Bogor,MA 
955,5,"511,721",10102744,SMAN UNGGUL TAPAKTUAN More..,Aceh,Kab. Aceh Selatan,SMA
956,10,"511,706",40306507,SMAS KRISTEN BARANA More..,Sulawesi Selatan,Kab. Toraja Utara,SMA
957,20,"511,62",10401526,SMAN 1 RENGAT More..,Riau,Kab. Indragiri Hulu,SMA
958,134,"511,54",20107589,SMAS GLOBAL ISLAMIC SCHOOL More..,DKI Jakarta,Kota Jakarta Timur,SMA
959,8,"511,502",30105462,SMAS SANTO IGNASIUS SINGKAWANG More..,Kalimantan Barat,Kota Singkawang,SMA
960,180,"511,502",20364919,MAS WATHONIYAH ISLAMIYAH KEBARONGAN More..,Jawa Tengah,Kab. Banyumas,MA 
961,78,"511,438",20401129,SMAN 1 NGAGLIK More..,DI Yogyakarta,Kab. Sleman,SMA
962,135,"511,424",20101499,SMKN 45 JAKARTA More..,DKI Jakarta,Kota Jakarta Barat,SMK
963,144,"511,367",20532238,SMAN 14 SURABAYA More..,Jawa Timur,Kota Surabaya,SMA
964,177,"511,31",20227827,SMA TERPADU BAITURRAHMAN More..,Jawa Barat,Kab. Bandung,SMA
965,10,"511,307",10801972,SMAS SUGAR GROUP B MATARAM More..,Lampung,Kab. Lampung Tengah,SMA
966,5,"511,293",50201391,SMAN 1 PRAYA More..,Nusa Tenggara Barat,Kab. Lombok Tengah,SMA
967,136,"511,28",20102579,SMKN 6 JAKARTA More..,DKI Jakarta,Kota Jakarta Selatan,SMK
968,145,"511,254",20525600,SMAN 2 GENTENG More..,Jawa Timur,Kab. Banyuwangi,SMA
969,178,"511,228",20219233,SMAN 26 BANDUNG More..,Jawa Barat,Kota Bandung,SMA
970,137,"511,222",20102215,SMAN 32 JAKARTA More..,DKI Jakarta,Kota Jakarta Selatan,SMA
971,11,"511,222",30300697,SMAN 1 PELAIHARI More..,Kalimantan Selatan,Kab. Tanah Laut,SMA
972,179,"511,219",69857938,SMAN 12 KOTA DEPOK More..,Jawa Barat,Kota Depok,SMA
973,146,"511,218",20537286,SMKN 1 BOYOLANGU More..,Jawa Timur,Kab. Tulungagung,SMK
974,181,"511,194",20323503,SMA NEGERI 1 WIRADESA More..,Jawa Tengah,Kab. Pekalongan,SMA
975,138,"511,135",69977033,SMA Islam Al Azhar 19 More..,DKI Jakarta,Kota Jakarta Timur ,SMA
976,182,"511,107",20321835,SMAN 1 SUKOREJO More..,Jawa Tengah,Kab. Kendal,SMA
977,79,"511,081",20400375,SMA NEGERI 1 PLERET More..,DI Yogyakarta,Kab. Bantul,SMA
978,180,"511,075",69830492,SMA SULTHON AULIA BOARDING SCHOOL More..,Jawa Barat,Kota Bekasi,SMA
979,183,"511,031",20339018,SMA NEGERI 1 JAKENAN More..,Jawa Tengah,Kab. Pati,SMA
980,184,"511,01",20315660,SMK NEGERI 1 REMBANG More..,Jawa Tengah,Kab. Rembang,SMK
981,147,"510,989",20554539,SMAS BRAWIJAYA SMART SCHOOL More..,Jawa Timur,Kota Malang,SMA
982,148,"510,942",20532211,SMKN 5 SURABAYA More..,Jawa Timur,Kota Surabaya,SMK
983,139,"510,922",20103791,SMKN 10 JAKARTA More..,DKI Jakarta,Kota Jakarta Timur,SMK
984,185,"510,873",20321974,SMAN 1 BOJA More..,Jawa Tengah,Kab. Kendal,SMA
985,186,"510,856",20327971,SMAN 6 SURAKARTA More..,Jawa Tengah,Kota Surakarta,SMA
986,140,"510,856",20103313,SMAN 50 JAKARTA More..,DKI Jakarta,Kota Jakarta Timur,SMA
987,11,"510,826",40311889,SMAN 2 MAKASSAR More..,Sulawesi Selatan,Kota Makassar,SMA
988,149,"510,71",20533610,SMAS LABORATORIUM UM More..,Jawa Timur,Kota Malang,SMA
989,80,"510,666",20411874,SMA ALI MAKSUM More..,DI Yogyakarta,Kab. Bantul,SMA
990,187,"510,625",20311332,SMAN 1 WURYANTORO More..,Jawa Tengah,Kab. Wonogiri,SMA
991,150,"510,62",20527237,SMAN 3 PAMEKASAN More..,Jawa Timur,Kab. Pamekasan,SMA
992,21,"510,618",10498808,MAN 1 PEKANBARU More..,Riau,Kota Pekanbaru,MA 
993,141,"510,589",20107305,SMA ISLAM AL-AZHAR 2 JAKARTA More..,DKI Jakarta,Kota Jakarta Selatan,SMA
994,12,"510,575",30315148,MAN 1 TAPIN More..,Kalimantan Selatan,Kab. Tapin,MA 
995,21,"510,536",10210743,SMAS KRISTEN KALAM KUDUS More..,Sumatera Utara,Kota Medan,SMA
996,21,"510,532",50105600,MAN 1 JEMBRANA More..,Bali,Kab. Jembrana,MA 
997,151,"510,524",20542523,SMK NEGERI 1 POGALAN More..,Jawa Timur,Kab. Trenggalek,SMK
998,181,"510,518",20220337,SMAN 8 BOGOR More..,Jawa Barat,Kota Bogor,SMA
999,182,"510,514",20238003,SMAS AL - MUSLIM More..,Jawa Barat,Kab. Bekasi,SMA
1000,52,"510,509",20606846,SMAN 4 TANGERANG More..,Banten,Kota Tangerang,SMA
